-- phpMyAdmin SQL Dump
-- version 2.10.3
-- http://www.phpmyadmin.net
-- 
-- Host: localhost
-- Generation Time: Sep 12, 2013 at 01:24 AM
-- Server version: 5.0.51
-- PHP Version: 5.2.6

SET SQL_MODE="NO_AUTO_VALUE_ON_ZERO";

-- 
-- Database: `banvai`
-- 

-- --------------------------------------------------------

-- 
-- Table structure for table `article`
-- 

CREATE TABLE `article` (
  `article_id` int(11) NOT NULL auto_increment,
  `title` varchar(255) NOT NULL,
  `title_alias` varchar(255) NOT NULL,
  `url_images` varchar(255) NOT NULL,
  `description` varchar(255) NOT NULL,
  `content` text NOT NULL,
  `seo_title` varchar(255) NOT NULL,
  `seo_description` varchar(255) NOT NULL,
  `seo_keyword` varchar(255) NOT NULL,
  `category_id` int(11) NOT NULL,
  `status` tinyint(1) NOT NULL default '1',
  `is_hot` tinyint(1) NOT NULL default '0',
  `update_time` int(11) NOT NULL,
  PRIMARY KEY  (`article_id`)
) ENGINE=MyISAM  DEFAULT CHARSET=utf8 AUTO_INCREMENT=16 ;

-- 
-- Dumping data for table `article`
-- 

INSERT INTO `article` VALUES (1, 'Giới thiệu cửa hàng', 'gioi-thieu-cua-hang', '', '', 'Nội dung giới thiệu cửa h&agrave;ng', 'Giới thiệu cửa hàng', 'Giới thiệu cửa hàng', 'Giới thiệu cửa hàng', 1, 1, 0, 1378831049);
INSERT INTO `article` VALUES (2, 'Dịch vụ', 'dich-vu', '', '', 'Nội dung trang dịch vụ', 'Dịch vụ', 'Dịch vụ', 'Dịch vụ', 1, 1, 0, 1378831074);
INSERT INTO `article` VALUES (3, 'Khuyến mãi', 'khuyen-mai', '', '', 'Nội dung trang khuyến m&atilde;i', 'Khuyến mãi', 'Khuyến mãi', 'Khuyến mãi', 1, 1, 0, 1378831098);
INSERT INTO `article` VALUES (4, 'Hỗ trợ - tư vấn', 'ho-tro-tu-van', '', '', 'Nội dung Hỗ trợ - tư vấn đang được cập nhật.', 'Hỗ trợ - tư vấn', 'Hỗ trợ - tư vấn', 'Hỗ trợ - tư vấn', 1, 1, 0, 1378831146);
INSERT INTO `article` VALUES (10, 'Thành lập địa điểm làm thủ tục hải quan tại ICD Lào Cai', 'thanh-lap-dia-diem-lam-thu-tuc-hai-quan-tai-icd-lao-cai', '../upload/images/271212_040006lao_cai_1.jpg', 'Cảng Cái Lân là Cảng nước sâu lớn nhất Khu vực Miền Bắc, là cửa ngõ giao lưu thông thường với quốc tế của tam giác tăng trưởng kinh tế và vùng châu thổ Sông Hồng. Trước mắt Cảng Cái Lân thông qua một khối lượng hàng hoá 2,778 triệu tấn/năm, đạt 21,7 triệu', '<span style="color: rgb(0, 0, 0); font-family: Arial, Helvetica, sans-serif; font-size: 12px; font-style: normal; font-variant: normal; font-weight: normal; letter-spacing: normal; line-height: 18px; orphans: auto; text-align: justify; text-indent: 0px; text-transform: none; white-space: normal; widows: auto; word-spacing: 0px; -webkit-text-stroke-width: 0px; background-color: rgb(255, 255, 255); display: inline !important; float: none;">L&agrave;o Cai l&agrave; một tỉnh v&ugrave;ng cao bi&ecirc;n giới, nằm ch&iacute;nh giữa v&ugrave;ng Đ&ocirc;ng Bắc v&agrave; v&ugrave;ng T&acirc;y Bắc của Việt Nam, c&aacute;ch H&agrave; Nội 296km theo đường sắt v&agrave; 345 km theo đường bộ. L&agrave;o Cai c&oacute; vị tr&iacute; kinh tế, địa ch&iacute;nh trị v&agrave; vai tr&ograve; quan trọng tr&ecirc;n tuyến h&agrave;nh lang kinh tế C&ocirc;n Minh- L&agrave;o Cai - H&agrave; Nội - Hải Ph&ograve;ng, l&agrave; &ldquo;cửa ng&otilde;&rdquo;, &ldquo;cầu nối&rdquo; của Việt Nam, c&aacute;c nước ASEAN với thị trường V&acirc;n Nam v&agrave; miền T&acirc;y Nam Trung Quốc. Với vị tr&iacute; v&agrave; vai tr&ograve; quan trọng đ&oacute;, L&agrave;o Cai cần c&oacute; một Cảng nội địa c&oacute; qui m&ocirc; lớn, hiện đại để hỗ trợ, th&uacute;c đẩy vận chuyển h&agrave;ng h&oacute;a, phục vụ trực tiếp cho sự ph&aacute;t triển KTXH của tỉnh L&agrave;o Cai; thu h&uacute;t h&agrave;ng qu&aacute; cảnh từ V&acirc;n Nam Trung Quốc qua cửa khẩu cảng Hải Ph&ograve;ng, Quảng Ninh&hellip;</span><br style="color: rgb(0, 0, 0); font-family: Arial, Helvetica, sans-serif; font-size: 12px; font-style: normal; font-variant: normal; font-weight: normal; letter-spacing: normal; line-height: 18px; orphans: auto; text-align: justify; text-indent: 0px; text-transform: none; white-space: normal; widows: auto; word-spacing: 0px; -webkit-text-stroke-width: 0px; background-color: rgb(255, 255, 255);" />\r\n<br style="color: rgb(0, 0, 0); font-family: Arial, Helvetica, sans-serif; font-size: 12px; font-style: normal; font-variant: normal; font-weight: normal; letter-spacing: normal; line-height: 18px; orphans: auto; text-align: justify; text-indent: 0px; text-transform: none; white-space: normal; widows: auto; word-spacing: 0px; -webkit-text-stroke-width: 0px; background-color: rgb(255, 255, 255);" />\r\n<div style="background-color: rgb(255, 255, 255); border: 0px; font-size: 12px; outline: 0px; vertical-align: baseline; margin: 0px; padding: 0px; color: rgb(0, 0, 0); font-family: Arial, Helvetica, sans-serif; font-style: normal; font-variant: normal; font-weight: normal; letter-spacing: normal; line-height: 18px; orphans: auto; text-indent: 0px; text-transform: none; white-space: normal; widows: auto; word-spacing: 0px; -webkit-text-stroke-width: 0px; text-align: center; background-position: initial initial; background-repeat: initial initial;">\r\n	<img class="img-editor" src="http://vinalineslogistics.com.vn/FileUpload/Images/271212_040006lao_cai_1.jpg" style="background-color: transparent; border: 0px solid; font-size: 12px; outline: 0px; vertical-align: baseline; margin: 0px 0px 8px; padding: 0px; width: 600px; height: 452px; background-position: initial initial; background-repeat: initial initial;" /></div>\r\n<div style="background-color: rgb(255, 255, 255); border: 0px; font-size: 12px; outline: 0px; vertical-align: baseline; margin: 0px; padding: 0px; color: rgb(0, 0, 0); font-family: Arial, Helvetica, sans-serif; font-style: normal; font-variant: normal; font-weight: normal; letter-spacing: normal; line-height: 18px; orphans: auto; text-indent: 0px; text-transform: none; white-space: normal; widows: auto; word-spacing: 0px; -webkit-text-stroke-width: 0px; text-align: center; background-position: initial initial; background-repeat: initial initial;">\r\n	<i style="background-color: transparent; border: 0px; font-size: 12px; outline: 0px; vertical-align: baseline; margin: 0px; padding: 0px; background-position: initial initial; background-repeat: initial initial;">Ảnh: Vị tr&iacute; ICD L&agrave;o Cai</i></div>\r\n<br style="color: rgb(0, 0, 0); font-family: Arial, Helvetica, sans-serif; font-size: 12px; font-style: normal; font-variant: normal; font-weight: normal; letter-spacing: normal; line-height: 18px; orphans: auto; text-align: justify; text-indent: 0px; text-transform: none; white-space: normal; widows: auto; word-spacing: 0px; -webkit-text-stroke-width: 0px; background-color: rgb(255, 255, 255);" />\r\n<span style="color: rgb(0, 0, 0); font-family: Arial, Helvetica, sans-serif; font-size: 12px; font-style: normal; font-variant: normal; font-weight: normal; letter-spacing: normal; line-height: 18px; orphans: auto; text-align: justify; text-indent: 0px; text-transform: none; white-space: normal; widows: auto; word-spacing: 0px; -webkit-text-stroke-width: 0px; background-color: rgb(255, 255, 255); display: inline !important; float: none;">&nbsp;Nhận thức được tầm quan trọng của h&agrave;nh lang kinh tế C&ocirc;n Minh &ndash; L&agrave;o Cai - H&agrave; Nội - Hải Ph&ograve;ng - Quảng Ninh, Dự &aacute;n đầu tư x&acirc;y dựng Cảng nội địa ICD L&agrave;o Cai do C&ocirc;ng ty CP Vinalines Logistics Việt Nam l&agrave;m chủ đầu tư vừa được ch&iacute;nh thức khởi c&ocirc;ng tại cụm c&ocirc;ng nghiệp Đ&ocirc;ng Phố Mới, th&agrave;nh phố L&agrave;o Cai, tỉnh L&agrave;o Cai.</span><br style="color: rgb(0, 0, 0); font-family: Arial, Helvetica, sans-serif; font-size: 12px; font-style: normal; font-variant: normal; font-weight: normal; letter-spacing: normal; line-height: 18px; orphans: auto; text-align: justify; text-indent: 0px; text-transform: none; white-space: normal; widows: auto; word-spacing: 0px; -webkit-text-stroke-width: 0px; background-color: rgb(255, 255, 255);" />\r\n<br style="color: rgb(0, 0, 0); font-family: Arial, Helvetica, sans-serif; font-size: 12px; font-style: normal; font-variant: normal; font-weight: normal; letter-spacing: normal; line-height: 18px; orphans: auto; text-align: justify; text-indent: 0px; text-transform: none; white-space: normal; widows: auto; word-spacing: 0px; -webkit-text-stroke-width: 0px; background-color: rgb(255, 255, 255);" />\r\n<div style="background-color: rgb(255, 255, 255); border: 0px; font-size: 12px; outline: 0px; vertical-align: baseline; margin: 0px; padding: 0px; color: rgb(0, 0, 0); font-family: Arial, Helvetica, sans-serif; font-style: normal; font-variant: normal; font-weight: normal; letter-spacing: normal; line-height: 18px; orphans: auto; text-indent: 0px; text-transform: none; white-space: normal; widows: auto; word-spacing: 0px; -webkit-text-stroke-width: 0px; text-align: center; background-position: initial initial; background-repeat: initial initial;">\r\n	<i style="background-color: transparent; border: 0px; font-size: 12px; outline: 0px; vertical-align: baseline; margin: 0px; padding: 0px; background-position: initial initial; background-repeat: initial initial;"><img alt="" border="0" class="img-editor" src="http://vinalineslogistics.com.vn/FileUpload/Images/271212_040006du_an_icd_lao_cai.jpg" style="background-color: transparent; border: 0px; font-size: 12px; outline: 0px; vertical-align: baseline; margin: 0px; padding: 0px; background-position: initial initial; background-repeat: initial initial;" /><br />\r\n	Ảnh: ICD L&agrave;o Cai</i><br />\r\n	&nbsp;</div>\r\n<span style="color: rgb(0, 0, 0); font-family: Arial, Helvetica, sans-serif; font-size: 12px; font-style: normal; font-variant: normal; font-weight: normal; letter-spacing: normal; line-height: 18px; orphans: auto; text-align: justify; text-indent: 0px; text-transform: none; white-space: normal; widows: auto; word-spacing: 0px; -webkit-text-stroke-width: 0px; background-color: rgb(255, 255, 255); display: inline !important; float: none;">ICD L&agrave;o Cai sẽ sau khi ho&agrave;n th&agrave;nh sẽ l&agrave; một trung t&acirc;m ph&acirc;n phối h&agrave;ng h&oacute;a, cung cấp dịch vụ Logistics tổng hợp, dịch vụ vận tải, giao nhận; l&agrave; điểm th&ocirc;ng quan nội địa để xuất/nhập khẩu, nhận/gửi h&agrave;ng h&oacute;a bằng container; v&agrave; l&agrave; một đầu mối giao th&ocirc;ng vận tải h&agrave;ng h&oacute;a quan trọng trong hệ thống dịch vụ Logistics. Dự &aacute;n được thực hiện chia th&agrave;nh hai giai đoạn, trong đ&oacute; giai đoạn đầu c&oacute; tổng mức đầu tư l&agrave; 78 tỷ đồng tr&ecirc;n diện t&iacute;ch khoảng 4,7ha (l&ocirc; F9 v&agrave; F10).</span><br style="color: rgb(0, 0, 0); font-family: Arial, Helvetica, sans-serif; font-size: 12px; font-style: normal; font-variant: normal; font-weight: normal; letter-spacing: normal; line-height: 18px; orphans: auto; text-align: justify; text-indent: 0px; text-transform: none; white-space: normal; widows: auto; word-spacing: 0px; -webkit-text-stroke-width: 0px; background-color: rgb(255, 255, 255);" />\r\n<br style="color: rgb(0, 0, 0); font-family: Arial, Helvetica, sans-serif; font-size: 12px; font-style: normal; font-variant: normal; font-weight: normal; letter-spacing: normal; line-height: 18px; orphans: auto; text-align: justify; text-indent: 0px; text-transform: none; white-space: normal; widows: auto; word-spacing: 0px; -webkit-text-stroke-width: 0px; background-color: rgb(255, 255, 255);" />\r\n<span style="color: rgb(0, 0, 0); font-family: Arial, Helvetica, sans-serif; font-size: 12px; font-style: normal; font-variant: normal; font-weight: normal; letter-spacing: normal; line-height: 18px; orphans: auto; text-align: justify; text-indent: 0px; text-transform: none; white-space: normal; widows: auto; word-spacing: 0px; -webkit-text-stroke-width: 0px; background-color: rgb(255, 255, 255); display: inline !important; float: none;">C&ugrave;ng đ&oacute;, C&ocirc;ng ty CP Vinalines Logistics cũng đang tiếp tục ho&agrave;n tất c&aacute;c thủ tục cần thiết để kết nối đường sắt v&agrave;o b&atilde;i, đầu tư hệ thống toa chuy&ecirc;n d&ugrave;ng vận chuyển Container, tạo ra một chuỗi dịch vụ Logistics ho&agrave;n chỉnh. Đồng thời, C&ocirc;ng ty căn cứ v&agrave;o nhu cầu thực tế tập trung nghi&ecirc;n cứu đầu tư ph&aacute;t triển để giai đoạn sau ho&agrave;n thiện v&agrave; mở rộng c&aacute;c hạng mục c&ograve;n lại tại l&ocirc; F9&#39;, F11, F12, x&acirc;y dựng một trung t&acirc;m Logistics ho&agrave;n thiện với tổng diện t&iacute;ch dự kiến 13,5ha; c&oacute; khả năng th&ocirc;ng quan h&agrave;ng h&oacute;a, đạt c&ocirc;ng suất từ 130.000 đến 300.000 TEU/năm.</span><br style="color: rgb(0, 0, 0); font-family: Arial, Helvetica, sans-serif; font-size: 12px; font-style: normal; font-variant: normal; font-weight: normal; letter-spacing: normal; line-height: 18px; orphans: auto; text-align: justify; text-indent: 0px; text-transform: none; white-space: normal; widows: auto; word-spacing: 0px; -webkit-text-stroke-width: 0px; background-color: rgb(255, 255, 255);" />\r\n<div style="background-color: rgb(255, 255, 255); border: 0px; font-size: 12px; outline: 0px; vertical-align: baseline; margin: 0px; padding: 0px; color: rgb(0, 0, 0); font-family: Arial, Helvetica, sans-serif; font-style: normal; font-variant: normal; font-weight: normal; letter-spacing: normal; line-height: 18px; orphans: auto; text-indent: 0px; text-transform: none; white-space: normal; widows: auto; word-spacing: 0px; -webkit-text-stroke-width: 0px; text-align: center; background-position: initial initial; background-repeat: initial initial;">\r\n	&nbsp;</div>\r\n<div style="background-color: rgb(255, 255, 255); border: 0px; font-size: 12px; outline: 0px; vertical-align: baseline; margin: 0px; padding: 0px; color: rgb(0, 0, 0); font-family: Arial, Helvetica, sans-serif; font-style: normal; font-variant: normal; font-weight: normal; letter-spacing: normal; line-height: 18px; orphans: auto; text-indent: 0px; text-transform: none; white-space: normal; widows: auto; word-spacing: 0px; -webkit-text-stroke-width: 0px; text-align: center; background-position: initial initial; background-repeat: initial initial;">\r\n	<i style="background-color: transparent; border: 0px; font-size: 12px; outline: 0px; vertical-align: baseline; margin: 0px; padding: 0px; background-position: initial initial; background-repeat: initial initial;"><img alt="" border="0" class="img-editor" src="http://vinalineslogistics.com.vn/FileUpload/Images/271212_040006khu_van_phong.jpg" style="background-color: transparent; border: 0px; font-size: 12px; outline: 0px; vertical-align: baseline; margin: 0px; padding: 0px; background-position: initial initial; background-repeat: initial initial;" /><br />\r\n	Ảnh: mặt bằng qui hoạch ICD L&agrave;o Cai</i><br />\r\n	&nbsp;</div>\r\n<span style="color: rgb(0, 0, 0); font-family: Arial, Helvetica, sans-serif; font-size: 12px; font-style: normal; font-variant: normal; font-weight: normal; letter-spacing: normal; line-height: 18px; orphans: auto; text-align: justify; text-indent: 0px; text-transform: none; white-space: normal; widows: auto; word-spacing: 0px; -webkit-text-stroke-width: 0px; background-color: rgb(255, 255, 255); display: inline !important; float: none;">Việc khởi c&ocirc;ng Dự &aacute;n đầu tư x&acirc;y dựng Cảng nội địa ICD L&agrave;o Cai của C&ocirc;ng ty CP Vinalines Logistics Việt Nam l&agrave; hết sức cần thiết nhằm khai th&aacute;c tốt tiềm năng, lợi thế địa l&yacute; v&agrave; hạ tầng hiện c&oacute; để tập kết, lưu kho b&atilde;i, l&agrave; một điểm th&ocirc;ng quan h&agrave;ng h&oacute;a trong nội địa, nhận gửi h&agrave;ng bằng container, th&uacute;c đẩy ph&aacute;t triển vận tải đa phương thức, tạo gi&aacute; trị gia tăng lớn trong kinh doanh dịch vụ Logistics; hỗ trợ, n&acirc;ng cao hiệu quả khai th&aacute;c c&aacute;c cảng biển v&agrave; cảng nội địa hiện c&oacute; trong mạng lưới Logistics của TCT H&agrave;ng hải Việt Nam v&agrave; c&aacute;c đơn vị th&agrave;nh vi&ecirc;n.</span><br style="color: rgb(0, 0, 0); font-family: Arial, Helvetica, sans-serif; font-size: 12px; font-style: normal; font-variant: normal; font-weight: normal; letter-spacing: normal; line-height: 18px; orphans: auto; text-align: justify; text-indent: 0px; text-transform: none; white-space: normal; widows: auto; word-spacing: 0px; -webkit-text-stroke-width: 0px; background-color: rgb(255, 255, 255);" />\r\n<br style="color: rgb(0, 0, 0); font-family: Arial, Helvetica, sans-serif; font-size: 12px; font-style: normal; font-variant: normal; font-weight: normal; letter-spacing: normal; line-height: 18px; orphans: auto; text-align: justify; text-indent: 0px; text-transform: none; white-space: normal; widows: auto; word-spacing: 0px; -webkit-text-stroke-width: 0px; background-color: rgb(255, 255, 255);" />\r\n<span style="color: rgb(0, 0, 0); font-family: Arial, Helvetica, sans-serif; font-size: 12px; font-style: normal; font-variant: normal; font-weight: normal; letter-spacing: normal; line-height: 18px; orphans: auto; text-align: justify; text-indent: 0px; text-transform: none; white-space: normal; widows: auto; word-spacing: 0px; -webkit-text-stroke-width: 0px; background-color: rgb(255, 255, 255); display: inline !important; float: none;">Trong chiến lược ph&aacute;t triển của Tổng c&ocirc;ng ty H&agrave;ng Hải Việt Nam n&oacute;i chung, của C&ocirc;ng ty CP Vinalines Logistics Việt Nam n&oacute;i ri&ecirc;ng, hoạt động Logistics l&agrave; hoạt động trọng t&acirc;m, bao tr&ugrave;m. Theo đ&oacute;, C&ocirc;ng ty sẽ x&acirc;y dựng v&agrave; h&igrave;nh th&agrave;nh mạng lưới cung cấp dịch vụ logistics th&ocirc;ng qua việc th&agrave;nh lập c&aacute;c trung t&acirc;m Logistics tại c&aacute;c khu vực kinh tế trọng điểm, c&aacute;c khu c&ocirc;ng nghiệp, c&aacute;c cửa khẩu, c&aacute;c cảng biển tr&ecirc;n cả nước, từng bước ph&aacute;t triển v&agrave; mở rộng mạng lưới hoạt động ra khu vực v&agrave; thế giới.</span>', 'Thành lập địa điểm làm thủ tục hải quan tại ICD Lào Cai', 'Thành lập địa điểm làm thủ tục hải quan tại ICD Lào Cai', 'Thành lập địa điểm làm thủ tục hải quan tại ICD Lào Cai', 2, 1, 0, 1378734574);
INSERT INTO `article` VALUES (11, 'Dự án Tổng kho ngoại quan& Trung tâm phân phối hàng hóa tại KCN cao Hòa Lạc-Hà Nội', 'du-an-tong-kho-ngoai-quan-trung-tam-phan-phoi-hang-hoa-tai-kcn-cao-hoa-lac-ha-noi', '../upload/images/271212_040554hoalac.jpg', 'Một trong những ưu tiên hàng đầu, tạo bước đột phá trong chiến lược xây dựng và phát triển các trung tâm Logistics của Công ty tại thị trường phía Bắc là việc đầu tư xây dựng tổng kho ngoại quan và trung tâm phân phối hàng hóa tại khu công nghê cao Hòa ', '<span style="color: rgb(0, 0, 0); font-family: Arial, Helvetica, sans-serif; font-size: 12px; font-style: normal; font-variant: normal; font-weight: normal; letter-spacing: normal; line-height: 18px; orphans: auto; text-align: justify; text-indent: 0px; text-transform: none; white-space: normal; widows: auto; word-spacing: 0px; -webkit-text-stroke-width: 0px; background-color: rgb(255, 255, 255); display: inline !important; float: none;">Một trong những ưu ti&ecirc;n h&agrave;ng đầu, tạo bước đột ph&aacute; trong chiến lược x&acirc;y dựng v&agrave; ph&aacute;t triển c&aacute;c trung t&acirc;m Logistics của C&ocirc;ng ty tại thị trường ph&iacute;a Bắc l&agrave; việc đầu tư x&acirc;y dựng tổng kho ngoại quan v&agrave; trung t&acirc;m ph&acirc;n phối h&agrave;ng h&oacute;a tại khu c&ocirc;ng nghệ cao H&ograve;a Lạc, H&agrave; Nội.</span><br style="color: rgb(0, 0, 0); font-family: Arial, Helvetica, sans-serif; font-size: 12px; font-style: normal; font-variant: normal; font-weight: normal; letter-spacing: normal; line-height: 18px; orphans: auto; text-align: justify; text-indent: 0px; text-transform: none; white-space: normal; widows: auto; word-spacing: 0px; -webkit-text-stroke-width: 0px; background-color: rgb(255, 255, 255);" />\r\n<br style="color: rgb(0, 0, 0); font-family: Arial, Helvetica, sans-serif; font-size: 12px; font-style: normal; font-variant: normal; font-weight: normal; letter-spacing: normal; line-height: 18px; orphans: auto; text-align: justify; text-indent: 0px; text-transform: none; white-space: normal; widows: auto; word-spacing: 0px; -webkit-text-stroke-width: 0px; background-color: rgb(255, 255, 255);" />\r\n<div style="background-color: rgb(255, 255, 255); border: 0px; font-size: 12px; outline: 0px; vertical-align: baseline; margin: 0px; padding: 0px; color: rgb(0, 0, 0); font-family: Arial, Helvetica, sans-serif; font-style: normal; font-variant: normal; font-weight: normal; letter-spacing: normal; line-height: 18px; orphans: auto; text-indent: 0px; text-transform: none; white-space: normal; widows: auto; word-spacing: 0px; -webkit-text-stroke-width: 0px; text-align: center; background-position: initial initial; background-repeat: initial initial;">\r\n	<i style="background-color: transparent; border: 0px; font-size: 12px; outline: 0px; vertical-align: baseline; margin: 0px; padding: 0px; background-position: initial initial; background-repeat: initial initial;"><img class="img-editor" src="http://vinalineslogistics.com.vn/FileUpload/Images/271212_040554hoalac.jpg" style="background-color: transparent; border: 0px solid; font-size: 12px; outline: 0px; vertical-align: baseline; margin: 0px; padding: 0px; width: 600px; height: 441px; background-position: initial initial; background-repeat: initial initial;" /></i></div>\r\n<div style="background-color: rgb(255, 255, 255); border: 0px; font-size: 12px; outline: 0px; vertical-align: baseline; margin: 0px; padding: 0px; color: rgb(0, 0, 0); font-family: Arial, Helvetica, sans-serif; font-style: normal; font-variant: normal; font-weight: normal; letter-spacing: normal; line-height: 18px; orphans: auto; text-indent: 0px; text-transform: none; white-space: normal; widows: auto; word-spacing: 0px; -webkit-text-stroke-width: 0px; text-align: center; background-position: initial initial; background-repeat: initial initial;">\r\n	<i style="background-color: transparent; border: 0px; font-size: 12px; outline: 0px; vertical-align: baseline; margin: 0px; padding: 0px; background-position: initial initial; background-repeat: initial initial;">Ảnh: Vị tr&iacute; dự kiến đầu tư x&acirc;y dựng</i><br />\r\n	&nbsp;</div>\r\n<span style="color: rgb(0, 0, 0); font-family: Arial, Helvetica, sans-serif; font-size: 12px; font-style: normal; font-variant: normal; font-weight: normal; letter-spacing: normal; line-height: 18px; orphans: auto; text-align: justify; text-indent: 0px; text-transform: none; white-space: normal; widows: auto; word-spacing: 0px; -webkit-text-stroke-width: 0px; background-color: rgb(255, 255, 255); display: inline !important; float: none;">Tổng kho ngoại quan v&agrave; trung t&acirc;m ph&acirc;n phối h&agrave;ng h&oacute;a c&oacute; vị tr&iacute; nằm trong khu c&ocirc;ng nghệ cao H&ograve;a Lạc, tiếp gi&aacute;p tuyến đường cao tốc L&aacute;ng - H&ograve;a Lạc; dự kiến được đầu tư x&acirc;y dựng c&aacute;c hạng mục với chức năng v&agrave; nhiệm vụ ch&iacute;nh như sau:</span><br style="color: rgb(0, 0, 0); font-family: Arial, Helvetica, sans-serif; font-size: 12px; font-style: normal; font-variant: normal; font-weight: normal; letter-spacing: normal; line-height: 18px; orphans: auto; text-align: justify; text-indent: 0px; text-transform: none; white-space: normal; widows: auto; word-spacing: 0px; -webkit-text-stroke-width: 0px; background-color: rgb(255, 255, 255);" />\r\n<br style="color: rgb(0, 0, 0); font-family: Arial, Helvetica, sans-serif; font-size: 12px; font-style: normal; font-variant: normal; font-weight: normal; letter-spacing: normal; line-height: 18px; orphans: auto; text-align: justify; text-indent: 0px; text-transform: none; white-space: normal; widows: auto; word-spacing: 0px; -webkit-text-stroke-width: 0px; background-color: rgb(255, 255, 255);" />\r\n<span style="color: rgb(0, 0, 0); font-family: Arial, Helvetica, sans-serif; font-size: 12px; font-style: normal; font-variant: normal; font-weight: normal; letter-spacing: normal; line-height: 18px; orphans: auto; text-align: justify; text-indent: 0px; text-transform: none; white-space: normal; widows: auto; word-spacing: 0px; -webkit-text-stroke-width: 0px; background-color: rgb(255, 255, 255); display: inline !important; float: none;">- Khu b&atilde;i h&agrave;ng c&oacute; diện t&iacute;ch khoảng 24.650m2 gồm b&atilde;i h&agrave;ng, b&atilde;i tập kết Container h&agrave;ng h&oacute;a trước khi nhập kho, xuất kho đến kh&aacute;ch h&agrave;ng, h&agrave;ng chất r&uacute;t xuất nhập khẩu, b&atilde;i kiểm h&oacute;a;</span><br style="color: rgb(0, 0, 0); font-family: Arial, Helvetica, sans-serif; font-size: 12px; font-style: normal; font-variant: normal; font-weight: normal; letter-spacing: normal; line-height: 18px; orphans: auto; text-align: justify; text-indent: 0px; text-transform: none; white-space: normal; widows: auto; word-spacing: 0px; -webkit-text-stroke-width: 0px; background-color: rgb(255, 255, 255);" />\r\n<br style="color: rgb(0, 0, 0); font-family: Arial, Helvetica, sans-serif; font-size: 12px; font-style: normal; font-variant: normal; font-weight: normal; letter-spacing: normal; line-height: 18px; orphans: auto; text-align: justify; text-indent: 0px; text-transform: none; white-space: normal; widows: auto; word-spacing: 0px; -webkit-text-stroke-width: 0px; background-color: rgb(255, 255, 255);" />\r\n<span style="color: rgb(0, 0, 0); font-family: Arial, Helvetica, sans-serif; font-size: 12px; font-style: normal; font-variant: normal; font-weight: normal; letter-spacing: normal; line-height: 18px; orphans: auto; text-align: justify; text-indent: 0px; text-transform: none; white-space: normal; widows: auto; word-spacing: 0px; -webkit-text-stroke-width: 0px; background-color: rgb(255, 255, 255); display: inline !important; float: none;">- Kho h&agrave;ng, kho ngoại quan c&oacute; diện t&iacute;ch khoảng 24.650m2 c&oacute; chức năng quản l&yacute; lưu kho h&agrave;ng h&oacute;a xuất nhập khẩu trước khi l&agrave;m thủ tục hải quan; sau khi c&oacute; y&ecirc;u cầu của kh&aacute;ch h&agrave;ng được đưa đến khu vực kiểm h&oacute;a, kiểm dịch l&agrave;m thủ tục hải quan v&agrave; để ph&acirc;n phối đến kh&aacute;ch h&agrave;ng v&agrave; lưu giữ, đ&oacute;ng g&oacute;i sản phẩm...;</span><br style="color: rgb(0, 0, 0); font-family: Arial, Helvetica, sans-serif; font-size: 12px; font-style: normal; font-variant: normal; font-weight: normal; letter-spacing: normal; line-height: 18px; orphans: auto; text-align: justify; text-indent: 0px; text-transform: none; white-space: normal; widows: auto; word-spacing: 0px; -webkit-text-stroke-width: 0px; background-color: rgb(255, 255, 255);" />\r\n<br style="color: rgb(0, 0, 0); font-family: Arial, Helvetica, sans-serif; font-size: 12px; font-style: normal; font-variant: normal; font-weight: normal; letter-spacing: normal; line-height: 18px; orphans: auto; text-align: justify; text-indent: 0px; text-transform: none; white-space: normal; widows: auto; word-spacing: 0px; -webkit-text-stroke-width: 0px; background-color: rgb(255, 255, 255);" />\r\n<span style="color: rgb(0, 0, 0); font-family: Arial, Helvetica, sans-serif; font-size: 12px; font-style: normal; font-variant: normal; font-weight: normal; letter-spacing: normal; line-height: 18px; orphans: auto; text-align: justify; text-indent: 0px; text-transform: none; white-space: normal; widows: auto; word-spacing: 0px; -webkit-text-stroke-width: 0px; background-color: rgb(255, 255, 255); display: inline !important; float: none;">- Khu văn ph&ograve;ng điều h&agrave;nh c&oacute; diện t&iacute;ch khoảng 5.750m2, bao gồm nh&agrave; văn ph&ograve;ng điều h&agrave;nh, nh&agrave; xe, s&acirc;n nội bộ, c&acirc;y xanh;</span><br style="color: rgb(0, 0, 0); font-family: Arial, Helvetica, sans-serif; font-size: 12px; font-style: normal; font-variant: normal; font-weight: normal; letter-spacing: normal; line-height: 18px; orphans: auto; text-align: justify; text-indent: 0px; text-transform: none; white-space: normal; widows: auto; word-spacing: 0px; -webkit-text-stroke-width: 0px; background-color: rgb(255, 255, 255);" />\r\n<br style="color: rgb(0, 0, 0); font-family: Arial, Helvetica, sans-serif; font-size: 12px; font-style: normal; font-variant: normal; font-weight: normal; letter-spacing: normal; line-height: 18px; orphans: auto; text-align: justify; text-indent: 0px; text-transform: none; white-space: normal; widows: auto; word-spacing: 0px; -webkit-text-stroke-width: 0px; background-color: rgb(255, 255, 255);" />\r\n<span style="color: rgb(0, 0, 0); font-family: Arial, Helvetica, sans-serif; font-size: 12px; font-style: normal; font-variant: normal; font-weight: normal; letter-spacing: normal; line-height: 18px; orphans: auto; text-align: justify; text-indent: 0px; text-transform: none; white-space: normal; widows: auto; word-spacing: 0px; -webkit-text-stroke-width: 0px; background-color: rgb(255, 255, 255); display: inline !important; float: none;">- Khu trưng b&agrave;y, triển l&atilde;m sản phẩm v&agrave; giao dịch thương mại c&oacute; diện t&iacute;ch khoảng 5.750m2 l&agrave; nơi trưng b&agrave;y sản phẩm h&agrave;ng h&oacute;a v&agrave; giao dịch thương mại của c&aacute;c đơn vị trong khu CNC H&ograve;a Lạc, c&aacute;c khu c&ocirc;ng nghiệp v&agrave; của địa phương quanh v&ugrave;ng;</span><br style="color: rgb(0, 0, 0); font-family: Arial, Helvetica, sans-serif; font-size: 12px; font-style: normal; font-variant: normal; font-weight: normal; letter-spacing: normal; line-height: 18px; orphans: auto; text-align: justify; text-indent: 0px; text-transform: none; white-space: normal; widows: auto; word-spacing: 0px; -webkit-text-stroke-width: 0px; background-color: rgb(255, 255, 255);" />\r\n<br style="color: rgb(0, 0, 0); font-family: Arial, Helvetica, sans-serif; font-size: 12px; font-style: normal; font-variant: normal; font-weight: normal; letter-spacing: normal; line-height: 18px; orphans: auto; text-align: justify; text-indent: 0px; text-transform: none; white-space: normal; widows: auto; word-spacing: 0px; -webkit-text-stroke-width: 0px; background-color: rgb(255, 255, 255);" />\r\n<span style="color: rgb(0, 0, 0); font-family: Arial, Helvetica, sans-serif; font-size: 12px; font-style: normal; font-variant: normal; font-weight: normal; letter-spacing: normal; line-height: 18px; orphans: auto; text-align: justify; text-indent: 0px; text-transform: none; white-space: normal; widows: auto; word-spacing: 0px; -webkit-text-stroke-width: 0px; background-color: rgb(255, 255, 255); display: inline !important; float: none;">- Khu kiểm dịch, thủ tục hải quan c&oacute; diện t&iacute;ch khoảng 11.500m2;</span><br style="color: rgb(0, 0, 0); font-family: Arial, Helvetica, sans-serif; font-size: 12px; font-style: normal; font-variant: normal; font-weight: normal; letter-spacing: normal; line-height: 18px; orphans: auto; text-align: justify; text-indent: 0px; text-transform: none; white-space: normal; widows: auto; word-spacing: 0px; -webkit-text-stroke-width: 0px; background-color: rgb(255, 255, 255);" />\r\n<br style="color: rgb(0, 0, 0); font-family: Arial, Helvetica, sans-serif; font-size: 12px; font-style: normal; font-variant: normal; font-weight: normal; letter-spacing: normal; line-height: 18px; orphans: auto; text-align: justify; text-indent: 0px; text-transform: none; white-space: normal; widows: auto; word-spacing: 0px; -webkit-text-stroke-width: 0px; background-color: rgb(255, 255, 255);" />\r\n<span style="color: rgb(0, 0, 0); font-family: Arial, Helvetica, sans-serif; font-size: 12px; font-style: normal; font-variant: normal; font-weight: normal; letter-spacing: normal; line-height: 18px; orphans: auto; text-align: justify; text-indent: 0px; text-transform: none; white-space: normal; widows: auto; word-spacing: 0px; -webkit-text-stroke-width: 0px; background-color: rgb(255, 255, 255); display: inline !important; float: none;">- Ngo&agrave;i ra c&ograve;n c&oacute; hệ thống c&acirc;y xanh (tổng diện t&iacute;ch khoảng 17.900m2), hệ thống hạ tầng kĩ thuật nội bộ, bao gồm hệ thống cấp điện, cấp nước, hệ thống tho&aacute;t nước, xử l&yacute; nước thải, th&ocirc;ng tin li&ecirc;n lạc, hệ thống cứu hỏa, vệ sinh m&ocirc;i trường...</span><br style="color: rgb(0, 0, 0); font-family: Arial, Helvetica, sans-serif; font-size: 12px; font-style: normal; font-variant: normal; font-weight: normal; letter-spacing: normal; line-height: 18px; orphans: auto; text-align: justify; text-indent: 0px; text-transform: none; white-space: normal; widows: auto; word-spacing: 0px; -webkit-text-stroke-width: 0px; background-color: rgb(255, 255, 255);" />\r\n<br style="color: rgb(0, 0, 0); font-family: Arial, Helvetica, sans-serif; font-size: 12px; font-style: normal; font-variant: normal; font-weight: normal; letter-spacing: normal; line-height: 18px; orphans: auto; text-align: justify; text-indent: 0px; text-transform: none; white-space: normal; widows: auto; word-spacing: 0px; -webkit-text-stroke-width: 0px; background-color: rgb(255, 255, 255);" />\r\n<span style="color: rgb(0, 0, 0); font-family: Arial, Helvetica, sans-serif; font-size: 12px; font-style: normal; font-variant: normal; font-weight: normal; letter-spacing: normal; line-height: 18px; orphans: auto; text-align: justify; text-indent: 0px; text-transform: none; white-space: normal; widows: auto; word-spacing: 0px; -webkit-text-stroke-width: 0px; background-color: rgb(255, 255, 255); display: inline !important; float: none;">Tổng kho ngoại quan v&agrave; trung t&acirc;m ph&acirc;n phối h&agrave;ng h&oacute;a tại khu c&ocirc;ng nghệ cao H&ograve;a Lạc, H&agrave; Nội sau khi ho&agrave;n th&agrave;nh sẽ phục vụ trực tiếp cho c&aacute;c cơ sở sản xuất trong khu CNC H&ograve;a Lạc v&agrave; c&aacute;c khu c&ocirc;ng nghiệp, c&aacute;c nh&agrave; m&aacute;y khu vực l&acirc;n cận. Vị tr&iacute; x&acirc;y dựng Trung t&acirc;m hội tụ đầy đủ c&aacute;c yếu tố về điều kiện tự nhi&ecirc;n, kinh tế, x&atilde; hội v&agrave; điều kiện kinh doanh dịch vụ cho một trung t&acirc;m ph&acirc;n phối h&agrave;ng h&oacute;a Logistics.</span><br style="color: rgb(0, 0, 0); font-family: Arial, Helvetica, sans-serif; font-size: 12px; font-style: normal; font-variant: normal; font-weight: normal; letter-spacing: normal; line-height: 18px; orphans: auto; text-align: justify; text-indent: 0px; text-transform: none; white-space: normal; widows: auto; word-spacing: 0px; -webkit-text-stroke-width: 0px; background-color: rgb(255, 255, 255);" />\r\n<br style="color: rgb(0, 0, 0); font-family: Arial, Helvetica, sans-serif; font-size: 12px; font-style: normal; font-variant: normal; font-weight: normal; letter-spacing: normal; line-height: 18px; orphans: auto; text-align: justify; text-indent: 0px; text-transform: none; white-space: normal; widows: auto; word-spacing: 0px; -webkit-text-stroke-width: 0px; background-color: rgb(255, 255, 255);" />\r\n<div style="background-color: rgb(255, 255, 255); border: 0px; font-size: 12px; outline: 0px; vertical-align: baseline; margin: 0px; padding: 0px; color: rgb(0, 0, 0); font-family: Arial, Helvetica, sans-serif; font-style: normal; font-variant: normal; font-weight: normal; letter-spacing: normal; line-height: 18px; orphans: auto; text-indent: 0px; text-transform: none; white-space: normal; widows: auto; word-spacing: 0px; -webkit-text-stroke-width: 0px; text-align: right; background-position: initial initial; background-repeat: initial initial;">\r\n	<b style="background-color: transparent; border: 0px; font-size: 12px; outline: 0px; vertical-align: baseline; margin: 0px; padding: 0px; background-position: initial initial; background-repeat: initial initial;"><i style="background-color: transparent; border: 0px; font-size: 12px; outline: 0px; vertical-align: baseline; margin: 0px; padding: 0px; background-position: initial initial; background-repeat: initial initial;">VA</i></b></div>\r\n', 'Dự án Tổng kho ngoại quan& Trung tâm phân phối hàng hóa tại KCN cao Hòa Lạc-Hà Nội', 'Dự án Tổng kho ngoại quan& Trung tâm phân phối hàng hóa tại KCN cao Hòa Lạc-Hà Nội', 'Dự án Tổng kho ngoại quan& Trung tâm phân phối hàng hóa tại KCN cao Hòa Lạc-Hà Nội', 2, 1, 0, 1378734662);
INSERT INTO `article` VALUES (12, 'Dự án Khu kho bãi Logistics Vinalines tại Ghềnh Táu - Cái Lân - Quảng Ninh', 'du-an-khu-kho-bai-logistics-vinalines-tai-ghenh-tau-cai-lan-quang-ninh', '../upload/images/271212_041000cai_lan_-_vitrighenhtau.jpg', 'Ngày 14/8/2008, Uỷ ban nhân dân tỉnh Quảng Ninh đã có Quyết định số 2585/QĐ-UBND chấp thuận địa điểm khai thác đất tại đồi Ghềnh Táu để san nền Khu Dịch vụ hậu cần cảng Cái Lân, sau đó đầu tư xây dựng Khu kho bãi Container phục vụ các cầu cảng của Tổng Cô', '<span style="color: rgb(0, 0, 0); font-family: Arial, Helvetica, sans-serif; font-size: 12px; font-style: normal; font-variant: normal; font-weight: normal; letter-spacing: normal; line-height: 18px; orphans: auto; text-align: justify; text-indent: 0px; text-transform: none; white-space: normal; widows: auto; word-spacing: 0px; -webkit-text-stroke-width: 0px; background-color: rgb(255, 255, 255); display: inline !important; float: none;">Ng&agrave;y 14/8/2008, Uỷ ban nh&acirc;n d&acirc;n tỉnh Quảng Ninh đ&atilde; c&oacute; Quyết định số 2585/QĐ-UBND chấp thuận địa điểm khai th&aacute;c đất tại đồi Ghềnh T&aacute;u để san nền Khu Dịch vụ hậu cần cảng C&aacute;i L&acirc;n, sau đ&oacute; đầu tư x&acirc;y dựng Khu kho b&atilde;i Container phục vụ c&aacute;c cầu cảng của Tổng C&ocirc;ng ty H&agrave;ng hải Việt Nam.</span><br style="color: rgb(0, 0, 0); font-family: Arial, Helvetica, sans-serif; font-size: 12px; font-style: normal; font-variant: normal; font-weight: normal; letter-spacing: normal; line-height: 18px; orphans: auto; text-align: justify; text-indent: 0px; text-transform: none; white-space: normal; widows: auto; word-spacing: 0px; -webkit-text-stroke-width: 0px; background-color: rgb(255, 255, 255);" />\r\n<br style="color: rgb(0, 0, 0); font-family: Arial, Helvetica, sans-serif; font-size: 12px; font-style: normal; font-variant: normal; font-weight: normal; letter-spacing: normal; line-height: 18px; orphans: auto; text-align: justify; text-indent: 0px; text-transform: none; white-space: normal; widows: auto; word-spacing: 0px; -webkit-text-stroke-width: 0px; background-color: rgb(255, 255, 255);" />\r\n<span style="color: rgb(0, 0, 0); font-family: Arial, Helvetica, sans-serif; font-size: 12px; font-style: normal; font-variant: normal; font-weight: normal; letter-spacing: normal; line-height: 18px; orphans: auto; text-align: justify; text-indent: 0px; text-transform: none; white-space: normal; widows: auto; word-spacing: 0px; -webkit-text-stroke-width: 0px; background-color: rgb(255, 255, 255); display: inline !important; float: none;">Vị tr&iacute; quy hoạch B&atilde;i logistics tại khu đồi Ghềnh T&aacute;u, phường B&atilde;i Ch&aacute;y, TP Hạ Long, tỉnh Quảng Ninh, nằm gần KCN C&aacute;i L&acirc;n v&agrave; c&aacute;c bến cảng C&aacute;i L&acirc;n đ&atilde;, đang đầu tư x&acirc;y dựng do Tổng C&ocirc;ng ty H&agrave;ng hải VN hiện đang khai th&aacute;c. Đ&acirc;y l&agrave; điều kiện rất thuận lợi để x&acirc;y dựng khu kho b&atilde;i hậu cảng phục vụ trực tiếp c&aacute;c KCN v&agrave; bến cảng C&aacute;i L&acirc;n. Ph&iacute;a Đ&ocirc;ng khu b&atilde;i gi&aacute;p kho b&atilde;i của VOSA Quảng Ninh, ph&iacute;a Bắc gi&aacute;p khu đồi, ph&iacute;a T&acirc;y gi&aacute;p khu đất của C&ocirc;ng ty TNHH Hội An, ph&iacute;a Nam tiếp gi&aacute;p với đường v&agrave;o Cảng C&aacute;i L&acirc;n v&agrave; ga C&aacute;i L&acirc;n.</span><br style="color: rgb(0, 0, 0); font-family: Arial, Helvetica, sans-serif; font-size: 12px; font-style: normal; font-variant: normal; font-weight: normal; letter-spacing: normal; line-height: 18px; orphans: auto; text-align: justify; text-indent: 0px; text-transform: none; white-space: normal; widows: auto; word-spacing: 0px; -webkit-text-stroke-width: 0px; background-color: rgb(255, 255, 255);" />\r\n<br style="color: rgb(0, 0, 0); font-family: Arial, Helvetica, sans-serif; font-size: 12px; font-style: normal; font-variant: normal; font-weight: normal; letter-spacing: normal; line-height: 18px; orphans: auto; text-align: justify; text-indent: 0px; text-transform: none; white-space: normal; widows: auto; word-spacing: 0px; -webkit-text-stroke-width: 0px; background-color: rgb(255, 255, 255);" />\r\n<div style="background-color: rgb(255, 255, 255); border: 0px; font-size: 12px; outline: 0px; vertical-align: baseline; margin: 0px; padding: 0px; color: rgb(0, 0, 0); font-family: Arial, Helvetica, sans-serif; font-style: normal; font-variant: normal; font-weight: normal; letter-spacing: normal; line-height: 18px; orphans: auto; text-indent: 0px; text-transform: none; white-space: normal; widows: auto; word-spacing: 0px; -webkit-text-stroke-width: 0px; text-align: center; background-position: initial initial; background-repeat: initial initial;">\r\n	<img alt="" border="0" class="img-editor" src="http://vinalineslogistics.com.vn/FileUpload/Images/271212_041000cai_lan_-_vitrighenhtau.jpg" style="background-color: transparent; border: 0px; font-size: 12px; outline: 0px; vertical-align: baseline; margin: 0px; padding: 0px; background-position: initial initial; background-repeat: initial initial;" /></div>\r\n<div style="background-color: rgb(255, 255, 255); border: 0px; font-size: 12px; outline: 0px; vertical-align: baseline; margin: 0px; padding: 0px; color: rgb(0, 0, 0); font-family: Arial, Helvetica, sans-serif; font-style: normal; font-variant: normal; font-weight: normal; letter-spacing: normal; line-height: 18px; orphans: auto; text-indent: 0px; text-transform: none; white-space: normal; widows: auto; word-spacing: 0px; -webkit-text-stroke-width: 0px; text-align: center; background-position: initial initial; background-repeat: initial initial;">\r\n	<i style="background-color: transparent; border: 0px; font-size: 12px; outline: 0px; vertical-align: baseline; margin: 0px; padding: 0px; background-position: initial initial; background-repeat: initial initial;">Ảnh: vị tr&iacute; đầu tư x&acirc;y dựng</i></div>\r\n<br style="color: rgb(0, 0, 0); font-family: Arial, Helvetica, sans-serif; font-size: 12px; font-style: normal; font-variant: normal; font-weight: normal; letter-spacing: normal; line-height: 18px; orphans: auto; text-align: justify; text-indent: 0px; text-transform: none; white-space: normal; widows: auto; word-spacing: 0px; -webkit-text-stroke-width: 0px; background-color: rgb(255, 255, 255);" />\r\n<span style="color: rgb(0, 0, 0); font-family: Arial, Helvetica, sans-serif; font-size: 12px; font-style: normal; font-variant: normal; font-weight: normal; letter-spacing: normal; line-height: 18px; orphans: auto; text-align: justify; text-indent: 0px; text-transform: none; white-space: normal; widows: auto; word-spacing: 0px; -webkit-text-stroke-width: 0px; background-color: rgb(255, 255, 255); display: inline !important; float: none;">&nbsp;B&atilde;i Logistics Vinalines tại đồi Ghềnh T&aacute;u được x&acirc;y dựng nhằm thực hiện c&aacute;c chức năng sau:</span><br style="color: rgb(0, 0, 0); font-family: Arial, Helvetica, sans-serif; font-size: 12px; font-style: normal; font-variant: normal; font-weight: normal; letter-spacing: normal; line-height: 18px; orphans: auto; text-align: justify; text-indent: 0px; text-transform: none; white-space: normal; widows: auto; word-spacing: 0px; -webkit-text-stroke-width: 0px; background-color: rgb(255, 255, 255);" />\r\n<br style="color: rgb(0, 0, 0); font-family: Arial, Helvetica, sans-serif; font-size: 12px; font-style: normal; font-variant: normal; font-weight: normal; letter-spacing: normal; line-height: 18px; orphans: auto; text-align: justify; text-indent: 0px; text-transform: none; white-space: normal; widows: auto; word-spacing: 0px; -webkit-text-stroke-width: 0px; background-color: rgb(255, 255, 255);" />\r\n<span style="color: rgb(0, 0, 0); font-family: Arial, Helvetica, sans-serif; font-size: 12px; font-style: normal; font-variant: normal; font-weight: normal; letter-spacing: normal; line-height: 18px; orphans: auto; text-align: justify; text-indent: 0px; text-transform: none; white-space: normal; widows: auto; word-spacing: 0px; -webkit-text-stroke-width: 0px; background-color: rgb(255, 255, 255); display: inline !important; float: none;">- Dịch vụ kho b&atilde;i, tập kết, lưu giữ, đ&oacute;ng g&oacute;i, ph&acirc;n phối h&agrave;ng h&oacute;a.</span><br style="color: rgb(0, 0, 0); font-family: Arial, Helvetica, sans-serif; font-size: 12px; font-style: normal; font-variant: normal; font-weight: normal; letter-spacing: normal; line-height: 18px; orphans: auto; text-align: justify; text-indent: 0px; text-transform: none; white-space: normal; widows: auto; word-spacing: 0px; -webkit-text-stroke-width: 0px; background-color: rgb(255, 255, 255);" />\r\n<br style="color: rgb(0, 0, 0); font-family: Arial, Helvetica, sans-serif; font-size: 12px; font-style: normal; font-variant: normal; font-weight: normal; letter-spacing: normal; line-height: 18px; orphans: auto; text-align: justify; text-indent: 0px; text-transform: none; white-space: normal; widows: auto; word-spacing: 0px; -webkit-text-stroke-width: 0px; background-color: rgb(255, 255, 255);" />\r\n<span style="color: rgb(0, 0, 0); font-family: Arial, Helvetica, sans-serif; font-size: 12px; font-style: normal; font-variant: normal; font-weight: normal; letter-spacing: normal; line-height: 18px; orphans: auto; text-align: justify; text-indent: 0px; text-transform: none; white-space: normal; widows: auto; word-spacing: 0px; -webkit-text-stroke-width: 0px; background-color: rgb(255, 255, 255); display: inline !important; float: none;">- Dịch vụ vận tải v&agrave; đại l&yacute; vận tải bao gồm cả hoạt động đại l&yacute; l&agrave;m thủ tục hải quan xuất nhập khẩu h&agrave;ng h&oacute;a của c&aacute;c KCN l&acirc;n cận v&agrave; của cảng C&aacute;i L&acirc;n, lập kế hoạch bốc dỡ h&agrave;ng h&oacute;a, dịch vụ tiếp nhận, lưu kho v&agrave; ph&acirc;n phối h&agrave;ng h&oacute;a, quản l&yacute; th&ocirc;ng tin li&ecirc;n quan đến vận chuyển v&agrave; lưu kho h&agrave;ng h&oacute;a.</span><br style="color: rgb(0, 0, 0); font-family: Arial, Helvetica, sans-serif; font-size: 12px; font-style: normal; font-variant: normal; font-weight: normal; letter-spacing: normal; line-height: 18px; orphans: auto; text-align: justify; text-indent: 0px; text-transform: none; white-space: normal; widows: auto; word-spacing: 0px; -webkit-text-stroke-width: 0px; background-color: rgb(255, 255, 255);" />\r\n<br style="color: rgb(0, 0, 0); font-family: Arial, Helvetica, sans-serif; font-size: 12px; font-style: normal; font-variant: normal; font-weight: normal; letter-spacing: normal; line-height: 18px; orphans: auto; text-align: justify; text-indent: 0px; text-transform: none; white-space: normal; widows: auto; word-spacing: 0px; -webkit-text-stroke-width: 0px; background-color: rgb(255, 255, 255);" />\r\n<span style="color: rgb(0, 0, 0); font-family: Arial, Helvetica, sans-serif; font-size: 12px; font-style: normal; font-variant: normal; font-weight: normal; letter-spacing: normal; line-height: 18px; orphans: auto; text-align: justify; text-indent: 0px; text-transform: none; white-space: normal; widows: auto; word-spacing: 0px; -webkit-text-stroke-width: 0px; background-color: rgb(255, 255, 255); display: inline !important; float: none;">- C&ugrave;ng với hệ thống b&atilde;i h&agrave;ng h&oacute;a, b&atilde;i cảng trong khu vực, b&atilde;i logistics g&oacute;p phần khắc phục t&igrave;nh trạng hoạt động của c&aacute;c dịch vụ vận tải biển thiếu đồng bộ, manh m&uacute;n, cạnh tranh kh&ocirc;ng l&agrave;nh mạnh như hiện nay ở khu vực.</span><br style="color: rgb(0, 0, 0); font-family: Arial, Helvetica, sans-serif; font-size: 12px; font-style: normal; font-variant: normal; font-weight: normal; letter-spacing: normal; line-height: 18px; orphans: auto; text-align: justify; text-indent: 0px; text-transform: none; white-space: normal; widows: auto; word-spacing: 0px; -webkit-text-stroke-width: 0px; background-color: rgb(255, 255, 255);" />\r\n<br style="color: rgb(0, 0, 0); font-family: Arial, Helvetica, sans-serif; font-size: 12px; font-style: normal; font-variant: normal; font-weight: normal; letter-spacing: normal; line-height: 18px; orphans: auto; text-align: justify; text-indent: 0px; text-transform: none; white-space: normal; widows: auto; word-spacing: 0px; -webkit-text-stroke-width: 0px; background-color: rgb(255, 255, 255);" />\r\n<span style="color: rgb(0, 0, 0); font-family: Arial, Helvetica, sans-serif; font-size: 12px; font-style: normal; font-variant: normal; font-weight: normal; letter-spacing: normal; line-height: 18px; orphans: auto; text-align: justify; text-indent: 0px; text-transform: none; white-space: normal; widows: auto; word-spacing: 0px; -webkit-text-stroke-width: 0px; background-color: rgb(255, 255, 255); display: inline !important; float: none;">- Tạo cơ sở hạ tầng v&agrave; nguồn h&agrave;ng ổn định cho c&aacute;c KCN, cho khai th&aacute;c cảng C&aacute;i L&acirc;n v&agrave; n&acirc;ng cao chất lượng dịch vụ h&agrave;ng hải, phục vụ c&ocirc;ng t&aacute;c vận tải đa phương thức v&agrave; từng bước ph&aacute;t triển, ho&agrave;n thiện dịch vụ logistic, hiện đại h&oacute;a cho ng&agrave;nh h&agrave;ng hải v&agrave; c&aacute;c dịch vụ kh&aacute;c đặc biệt l&agrave; dịch vụ c&ocirc;ng: hải quan, thuế...</span><br style="color: rgb(0, 0, 0); font-family: Arial, Helvetica, sans-serif; font-size: 12px; font-style: normal; font-variant: normal; font-weight: normal; letter-spacing: normal; line-height: 18px; orphans: auto; text-align: justify; text-indent: 0px; text-transform: none; white-space: normal; widows: auto; word-spacing: 0px; -webkit-text-stroke-width: 0px; background-color: rgb(255, 255, 255);" />\r\n<br style="color: rgb(0, 0, 0); font-family: Arial, Helvetica, sans-serif; font-size: 12px; font-style: normal; font-variant: normal; font-weight: normal; letter-spacing: normal; line-height: 18px; orphans: auto; text-align: justify; text-indent: 0px; text-transform: none; white-space: normal; widows: auto; word-spacing: 0px; -webkit-text-stroke-width: 0px; background-color: rgb(255, 255, 255);" />\r\n<span style="color: rgb(0, 0, 0); font-family: Arial, Helvetica, sans-serif; font-size: 12px; font-style: normal; font-variant: normal; font-weight: normal; letter-spacing: normal; line-height: 18px; orphans: auto; text-align: justify; text-indent: 0px; text-transform: none; white-space: normal; widows: auto; word-spacing: 0px; -webkit-text-stroke-width: 0px; background-color: rgb(255, 255, 255); display: inline !important; float: none;">Khu kho b&atilde;i Logistics Vinalines tại đồi Ghềnh T&aacute;u - C&aacute;i L&acirc;n dự kiến c&oacute; tổng diện t&iacute;ch khoảng 47.496,61m2; lượng h&agrave;ng th&ocirc;ng qua khu b&atilde;i đạt khoảng 70.000 TEU/năm; phục vụ Khu c&ocirc;ng nghiệp l&acirc;n cận v&agrave; c&aacute;c bến cảng C&aacute;i L&acirc;n trong việc tập kết, lưu giữ h&agrave;ng v&agrave; ph&acirc;n phối h&agrave;ng h&oacute;a, l&agrave;m thủ tục xuất nhập khẩu; được quy hoạch bao gồm c&aacute;c ph&acirc;n khu ch&iacute;nh sau:</span><br style="color: rgb(0, 0, 0); font-family: Arial, Helvetica, sans-serif; font-size: 12px; font-style: normal; font-variant: normal; font-weight: normal; letter-spacing: normal; line-height: 18px; orphans: auto; text-align: justify; text-indent: 0px; text-transform: none; white-space: normal; widows: auto; word-spacing: 0px; -webkit-text-stroke-width: 0px; background-color: rgb(255, 255, 255);" />\r\n<br style="color: rgb(0, 0, 0); font-family: Arial, Helvetica, sans-serif; font-size: 12px; font-style: normal; font-variant: normal; font-weight: normal; letter-spacing: normal; line-height: 18px; orphans: auto; text-align: justify; text-indent: 0px; text-transform: none; white-space: normal; widows: auto; word-spacing: 0px; -webkit-text-stroke-width: 0px; background-color: rgb(255, 255, 255);" />\r\n<span style="color: rgb(0, 0, 0); font-family: Arial, Helvetica, sans-serif; font-size: 12px; font-style: normal; font-variant: normal; font-weight: normal; letter-spacing: normal; line-height: 18px; orphans: auto; text-align: justify; text-indent: 0px; text-transform: none; white-space: normal; widows: auto; word-spacing: 0px; -webkit-text-stroke-width: 0px; background-color: rgb(255, 255, 255); display: inline !important; float: none;">+ Khu b&atilde;i chứa Container c&oacute; diện t&iacute;ch 19.920m2</span><br style="color: rgb(0, 0, 0); font-family: Arial, Helvetica, sans-serif; font-size: 12px; font-style: normal; font-variant: normal; font-weight: normal; letter-spacing: normal; line-height: 18px; orphans: auto; text-align: justify; text-indent: 0px; text-transform: none; white-space: normal; widows: auto; word-spacing: 0px; -webkit-text-stroke-width: 0px; background-color: rgb(255, 255, 255);" />\r\n<span style="color: rgb(0, 0, 0); font-family: Arial, Helvetica, sans-serif; font-size: 12px; font-style: normal; font-variant: normal; font-weight: normal; letter-spacing: normal; line-height: 18px; orphans: auto; text-align: justify; text-indent: 0px; text-transform: none; white-space: normal; widows: auto; word-spacing: 0px; -webkit-text-stroke-width: 0px; background-color: rgb(255, 255, 255); display: inline !important; float: none;">+ Khu kho CFS v&agrave; b&atilde;i c&ocirc;ng nghệ c&oacute; diện t&iacute;ch 6.190 m2</span><br style="color: rgb(0, 0, 0); font-family: Arial, Helvetica, sans-serif; font-size: 12px; font-style: normal; font-variant: normal; font-weight: normal; letter-spacing: normal; line-height: 18px; orphans: auto; text-align: justify; text-indent: 0px; text-transform: none; white-space: normal; widows: auto; word-spacing: 0px; -webkit-text-stroke-width: 0px; background-color: rgb(255, 255, 255);" />\r\n<span style="color: rgb(0, 0, 0); font-family: Arial, Helvetica, sans-serif; font-size: 12px; font-style: normal; font-variant: normal; font-weight: normal; letter-spacing: normal; line-height: 18px; orphans: auto; text-align: justify; text-indent: 0px; text-transform: none; white-space: normal; widows: auto; word-spacing: 0px; -webkit-text-stroke-width: 0px; background-color: rgb(255, 255, 255); display: inline !important; float: none;">+ Khu nh&agrave; văn ph&ograve;ng điều h&agrave;nh, dịch vụ v&agrave; khu cấp điện nước c&oacute; diện t&iacute;ch 2.810 m2</span><br style="color: rgb(0, 0, 0); font-family: Arial, Helvetica, sans-serif; font-size: 12px; font-style: normal; font-variant: normal; font-weight: normal; letter-spacing: normal; line-height: 18px; orphans: auto; text-align: justify; text-indent: 0px; text-transform: none; white-space: normal; widows: auto; word-spacing: 0px; -webkit-text-stroke-width: 0px; background-color: rgb(255, 255, 255);" />\r\n<span style="color: rgb(0, 0, 0); font-family: Arial, Helvetica, sans-serif; font-size: 12px; font-style: normal; font-variant: normal; font-weight: normal; letter-spacing: normal; line-height: 18px; orphans: auto; text-align: justify; text-indent: 0px; text-transform: none; white-space: normal; widows: auto; word-spacing: 0px; -webkit-text-stroke-width: 0px; background-color: rgb(255, 255, 255); display: inline !important; float: none;">+ Đường giao th&ocirc;ng nội bộ rộng 15m</span><br style="color: rgb(0, 0, 0); font-family: Arial, Helvetica, sans-serif; font-size: 12px; font-style: normal; font-variant: normal; font-weight: normal; letter-spacing: normal; line-height: 18px; orphans: auto; text-align: justify; text-indent: 0px; text-transform: none; white-space: normal; widows: auto; word-spacing: 0px; -webkit-text-stroke-width: 0px; background-color: rgb(255, 255, 255);" />\r\n<span style="color: rgb(0, 0, 0); font-family: Arial, Helvetica, sans-serif; font-size: 12px; font-style: normal; font-variant: normal; font-weight: normal; letter-spacing: normal; line-height: 18px; orphans: auto; text-align: justify; text-indent: 0px; text-transform: none; white-space: normal; widows: auto; word-spacing: 0px; -webkit-text-stroke-width: 0px; background-color: rgb(255, 255, 255); display: inline !important; float: none;">+ Trạm cung cấp nhi&ecirc;n liệu</span><br style="color: rgb(0, 0, 0); font-family: Arial, Helvetica, sans-serif; font-size: 12px; font-style: normal; font-variant: normal; font-weight: normal; letter-spacing: normal; line-height: 18px; orphans: auto; text-align: justify; text-indent: 0px; text-transform: none; white-space: normal; widows: auto; word-spacing: 0px; -webkit-text-stroke-width: 0px; background-color: rgb(255, 255, 255);" />\r\n<span style="color: rgb(0, 0, 0); font-family: Arial, Helvetica, sans-serif; font-size: 12px; font-style: normal; font-variant: normal; font-weight: normal; letter-spacing: normal; line-height: 18px; orphans: auto; text-align: justify; text-indent: 0px; text-transform: none; white-space: normal; widows: auto; word-spacing: 0px; -webkit-text-stroke-width: 0px; background-color: rgb(255, 255, 255); display: inline !important; float: none;">+ Hệ thống c&acirc;y xanh; ngo&agrave;i ra, để tận dụng c&aacute;c phần đất tiếp gi&aacute;p c&ograve;n bố tr&iacute; x&acirc;y dựng b&atilde;i chất xếp Container rỗng.</span><br style="color: rgb(0, 0, 0); font-family: Arial, Helvetica, sans-serif; font-size: 12px; font-style: normal; font-variant: normal; font-weight: normal; letter-spacing: normal; line-height: 18px; orphans: auto; text-align: justify; text-indent: 0px; text-transform: none; white-space: normal; widows: auto; word-spacing: 0px; -webkit-text-stroke-width: 0px; background-color: rgb(255, 255, 255);" />\r\n<br style="color: rgb(0, 0, 0); font-family: Arial, Helvetica, sans-serif; font-size: 12px; font-style: normal; font-variant: normal; font-weight: normal; letter-spacing: normal; line-height: 18px; orphans: auto; text-align: justify; text-indent: 0px; text-transform: none; white-space: normal; widows: auto; word-spacing: 0px; -webkit-text-stroke-width: 0px; background-color: rgb(255, 255, 255);" />\r\n<div style="background-color: rgb(255, 255, 255); border: 0px; font-size: 12px; outline: 0px; vertical-align: baseline; margin: 0px; padding: 0px; color: rgb(0, 0, 0); font-family: Arial, Helvetica, sans-serif; font-style: normal; font-variant: normal; font-weight: normal; letter-spacing: normal; line-height: 18px; orphans: auto; text-indent: 0px; text-transform: none; white-space: normal; widows: auto; word-spacing: 0px; -webkit-text-stroke-width: 0px; text-align: center; background-position: initial initial; background-repeat: initial initial;">\r\n	<img alt="" border="0" class="img-editor" src="http://vinalineslogistics.com.vn/FileUpload/Images/271212_041000cai_lan_-_ghenhtau.jpg" style="background-color: transparent; border: 0px; font-size: 12px; outline: 0px; vertical-align: baseline; margin: 0px; padding: 0px; background-position: initial initial; background-repeat: initial initial;" /></div>\r\n<div style="background-color: rgb(255, 255, 255); border: 0px; font-size: 12px; outline: 0px; vertical-align: baseline; margin: 0px; padding: 0px; color: rgb(0, 0, 0); font-family: Arial, Helvetica, sans-serif; font-style: normal; font-variant: normal; font-weight: normal; letter-spacing: normal; line-height: 18px; orphans: auto; text-indent: 0px; text-transform: none; white-space: normal; widows: auto; word-spacing: 0px; -webkit-text-stroke-width: 0px; text-align: center; background-position: initial initial; background-repeat: initial initial;">\r\n	<i style="background-color: transparent; border: 0px; font-size: 12px; outline: 0px; vertical-align: baseline; margin: 0px; padding: 0px; background-position: initial initial; background-repeat: initial initial;">Ảnh: Bản đồ qui hoạch sử dụng đất</i></div>\r\n<br style="color: rgb(0, 0, 0); font-family: Arial, Helvetica, sans-serif; font-size: 12px; font-style: normal; font-variant: normal; font-weight: normal; letter-spacing: normal; line-height: 18px; orphans: auto; text-align: justify; text-indent: 0px; text-transform: none; white-space: normal; widows: auto; word-spacing: 0px; -webkit-text-stroke-width: 0px; background-color: rgb(255, 255, 255);" />\r\n<span style="color: rgb(0, 0, 0); font-family: Arial, Helvetica, sans-serif; font-size: 12px; font-style: normal; font-variant: normal; font-weight: normal; letter-spacing: normal; line-height: 18px; orphans: auto; text-align: justify; text-indent: 0px; text-transform: none; white-space: normal; widows: auto; word-spacing: 0px; -webkit-text-stroke-width: 0px; background-color: rgb(255, 255, 255); display: inline !important; float: none;">Ph&acirc;n k&igrave; giai đoạn đầu tư khu kho b&atilde;i:</span><br style="color: rgb(0, 0, 0); font-family: Arial, Helvetica, sans-serif; font-size: 12px; font-style: normal; font-variant: normal; font-weight: normal; letter-spacing: normal; line-height: 18px; orphans: auto; text-align: justify; text-indent: 0px; text-transform: none; white-space: normal; widows: auto; word-spacing: 0px; -webkit-text-stroke-width: 0px; background-color: rgb(255, 255, 255);" />\r\n<br style="color: rgb(0, 0, 0); font-family: Arial, Helvetica, sans-serif; font-size: 12px; font-style: normal; font-variant: normal; font-weight: normal; letter-spacing: normal; line-height: 18px; orphans: auto; text-align: justify; text-indent: 0px; text-transform: none; white-space: normal; widows: auto; word-spacing: 0px; -webkit-text-stroke-width: 0px; background-color: rgb(255, 255, 255);" />\r\n<span style="color: rgb(0, 0, 0); font-family: Arial, Helvetica, sans-serif; font-size: 12px; font-style: normal; font-variant: normal; font-weight: normal; letter-spacing: normal; line-height: 18px; orphans: auto; text-align: justify; text-indent: 0px; text-transform: none; white-space: normal; widows: auto; word-spacing: 0px; -webkit-text-stroke-width: 0px; background-color: rgb(255, 255, 255); display: inline !important; float: none;">+ Giai đoạn 2008 - 2009: chuẩn bị đầu tư (tiến h&agrave;nh c&aacute;c bước lập thủ tục quy hoạch chi tiết xin cấp đất chuẩn bị lập Dự &aacute;n; tiến h&agrave;nh c&ocirc;ng t&aacute;c giải ph&oacute;ng mặt bằng, san lấp, đầu tư hạ tầng kĩ thuật v&agrave; một phần c&aacute;c c&ocirc;ng tr&igrave;nh đầu mối kĩ thuật);</span><br style="color: rgb(0, 0, 0); font-family: Arial, Helvetica, sans-serif; font-size: 12px; font-style: normal; font-variant: normal; font-weight: normal; letter-spacing: normal; line-height: 18px; orphans: auto; text-align: justify; text-indent: 0px; text-transform: none; white-space: normal; widows: auto; word-spacing: 0px; -webkit-text-stroke-width: 0px; background-color: rgb(255, 255, 255);" />\r\n<br style="color: rgb(0, 0, 0); font-family: Arial, Helvetica, sans-serif; font-size: 12px; font-style: normal; font-variant: normal; font-weight: normal; letter-spacing: normal; line-height: 18px; orphans: auto; text-align: justify; text-indent: 0px; text-transform: none; white-space: normal; widows: auto; word-spacing: 0px; -webkit-text-stroke-width: 0px; background-color: rgb(255, 255, 255);" />\r\n<span style="color: rgb(0, 0, 0); font-family: Arial, Helvetica, sans-serif; font-size: 12px; font-style: normal; font-variant: normal; font-weight: normal; letter-spacing: normal; line-height: 18px; orphans: auto; text-align: justify; text-indent: 0px; text-transform: none; white-space: normal; widows: auto; word-spacing: 0px; -webkit-text-stroke-width: 0px; background-color: rgb(255, 255, 255); display: inline !important; float: none;">+ Giai đoạn 2010 - 2011: đầu tư x&acirc;y dựng khu văn ph&ograve;ng điều h&agrave;nh, kho v&agrave; b&atilde;i h&agrave;ng, tiếp tục đầu tư ho&agrave;n thiện c&aacute;c c&ocirc;ng tr&igrave;nh đấu mối kĩ thuật;</span><br style="color: rgb(0, 0, 0); font-family: Arial, Helvetica, sans-serif; font-size: 12px; font-style: normal; font-variant: normal; font-weight: normal; letter-spacing: normal; line-height: 18px; orphans: auto; text-align: justify; text-indent: 0px; text-transform: none; white-space: normal; widows: auto; word-spacing: 0px; -webkit-text-stroke-width: 0px; background-color: rgb(255, 255, 255);" />\r\n<br style="color: rgb(0, 0, 0); font-family: Arial, Helvetica, sans-serif; font-size: 12px; font-style: normal; font-variant: normal; font-weight: normal; letter-spacing: normal; line-height: 18px; orphans: auto; text-align: justify; text-indent: 0px; text-transform: none; white-space: normal; widows: auto; word-spacing: 0px; -webkit-text-stroke-width: 0px; background-color: rgb(255, 255, 255);" />\r\n<span style="color: rgb(0, 0, 0); font-family: Arial, Helvetica, sans-serif; font-size: 12px; font-style: normal; font-variant: normal; font-weight: normal; letter-spacing: normal; line-height: 18px; orphans: auto; text-align: justify; text-indent: 0px; text-transform: none; white-space: normal; widows: auto; word-spacing: 0px; -webkit-text-stroke-width: 0px; background-color: rgb(255, 255, 255); display: inline !important; float: none;">+ Giai đoạn 2012: ho&agrave;n thiện đi v&agrave;o tổ chức sản xuất.</span><br style="color: rgb(0, 0, 0); font-family: Arial, Helvetica, sans-serif; font-size: 12px; font-style: normal; font-variant: normal; font-weight: normal; letter-spacing: normal; line-height: 18px; orphans: auto; text-align: justify; text-indent: 0px; text-transform: none; white-space: normal; widows: auto; word-spacing: 0px; -webkit-text-stroke-width: 0px; background-color: rgb(255, 255, 255);" />\r\n<br style="color: rgb(0, 0, 0); font-family: Arial, Helvetica, sans-serif; font-size: 12px; font-style: normal; font-variant: normal; font-weight: normal; letter-spacing: normal; line-height: 18px; orphans: auto; text-align: justify; text-indent: 0px; text-transform: none; white-space: normal; widows: auto; word-spacing: 0px; -webkit-text-stroke-width: 0px; background-color: rgb(255, 255, 255);" />\r\n<span style="color: rgb(0, 0, 0); font-family: Arial, Helvetica, sans-serif; font-size: 12px; font-style: normal; font-variant: normal; font-weight: normal; letter-spacing: normal; line-height: 18px; orphans: auto; text-align: justify; text-indent: 0px; text-transform: none; white-space: normal; widows: auto; word-spacing: 0px; -webkit-text-stroke-width: 0px; background-color: rgb(255, 255, 255); display: inline !important; float: none;">Chủ đầu tư: TCT H&agrave;ng hải Việt Nam- C&ocirc;ng ty CP Vinalines Logistics VN</span><br style="color: rgb(0, 0, 0); font-family: Arial, Helvetica, sans-serif; font-size: 12px; font-style: normal; font-variant: normal; font-weight: normal; letter-spacing: normal; line-height: 18px; orphans: auto; text-align: justify; text-indent: 0px; text-transform: none; white-space: normal; widows: auto; word-spacing: 0px; -webkit-text-stroke-width: 0px; background-color: rgb(255, 255, 255);" />\r\n<br style="color: rgb(0, 0, 0); font-family: Arial, Helvetica, sans-serif; font-size: 12px; font-style: normal; font-variant: normal; font-weight: normal; letter-spacing: normal; line-height: 18px; orphans: auto; text-align: justify; text-indent: 0px; text-transform: none; white-space: normal; widows: auto; word-spacing: 0px; -webkit-text-stroke-width: 0px; background-color: rgb(255, 255, 255);" />\r\n<div style="background-color: rgb(255, 255, 255); border: 0px; font-size: 12px; outline: 0px; vertical-align: baseline; margin: 0px; padding: 0px; color: rgb(0, 0, 0); font-family: Arial, Helvetica, sans-serif; font-style: normal; font-variant: normal; font-weight: normal; letter-spacing: normal; line-height: 18px; orphans: auto; text-indent: 0px; text-transform: none; white-space: normal; widows: auto; word-spacing: 0px; -webkit-text-stroke-width: 0px; text-align: right; background-position: initial initial; background-repeat: initial initial;">\r\n	<i style="background-color: transparent; border: 0px; font-size: 12px; outline: 0px; vertical-align: baseline; margin: 0px; padding: 0px; background-position: initial initial; background-repeat: initial initial;"><b style="background-color: transparent; border: 0px; font-size: 12px; outline: 0px; vertical-align: baseline; margin: 0px; padding: 0px; background-position: initial initial; background-repeat: initial initial;">VA</b></i></div>\r\n', 'Dự án Khu kho bãi Logistics Vinalines tại Ghềnh Táu - Cái Lân - Quảng Ninh', 'Dự án Khu kho bãi Logistics Vinalines tại Ghềnh Táu - Cái Lân - Quảng Ninh', 'Dự án Khu kho bãi Logistics Vinalines tại Ghềnh Táu - Cái Lân - Quảng Ninh', 2, 1, 0, 1378734776);
INSERT INTO `article` VALUES (13, 'Khai thông tuyến vận tải đường sắt, cung cấp dịch vụ đường sắt', 'khai-thong-tuyen-van-tai-duong-sat-cung-cap-dich-vu-duong-sat', '../upload/images/140313_083810vantaiduongsat1.jpg', 'Ngày 14/8/2008, Uỷ ban nhân dân tỉnh Quảng Ninh đã có Quyết định số 2585/QĐ-UBND chấp thuận địa điểm khai thác đất tại đồi Ghềnh Táu để san nền Khu Dịch vụ hậu cần cảng Cái Lân, sau đó đầu tư xây dựng Khu kho bãi Container phục vụ các cầu cảng của Tổng Cô', '<p style="background-color: rgb(255, 255, 255); border: 0px; font-size: 12px; outline: 0px; vertical-align: baseline; margin: 0px; padding: 0px; line-height: 18px; color: rgb(0, 0, 0); font-family: Arial, Helvetica, sans-serif; font-style: normal; font-variant: normal; font-weight: normal; letter-spacing: normal; orphans: auto; text-align: justify; text-indent: 0px; text-transform: none; white-space: normal; widows: auto; word-spacing: 0px; -webkit-text-stroke-width: 0px; background-position: initial initial; background-repeat: initial initial;">\r\n	Ng&agrave;y 9 th&aacute;ng 3 năm 2013, tại Khu c&ocirc;ng nghiệp Đ&ocirc;ng Phố Mới, c&ocirc;ng ty cổ phần Vinalines Logistics Việt Nam đ&atilde; tiếp nhận tuyến h&agrave;ng th&ocirc;ng tuyến đường sắt với tuyến đường sắt quốc gia. Những container h&agrave;ng đầu ti&ecirc;n được vận chuyển v&agrave; xếp dỡ thuận lợi trong sự chứng kiến của Ban l&atilde;nh đạo cũng như kh&aacute;ch h&agrave;ng, đối t&aacute;c.</p>\r\n<p style="background-color: rgb(255, 255, 255); border: 0px; font-size: 12px; outline: 0px; vertical-align: baseline; margin: 0px; padding: 0px; line-height: 18px; color: rgb(0, 0, 0); font-family: Arial, Helvetica, sans-serif; font-style: normal; font-variant: normal; font-weight: normal; letter-spacing: normal; orphans: auto; text-align: justify; text-indent: 0px; text-transform: none; white-space: normal; widows: auto; word-spacing: 0px; -webkit-text-stroke-width: 0px; background-position: initial initial; background-repeat: initial initial;">\r\n	Sau đ&acirc;y l&agrave; những h&igrave;nh ảnh đầu ti&ecirc;n khai th&aacute;c đường sắt kết nối tại ICD L&agrave;o Cai của c&ocirc;ng ty:</p>\r\n<p style="background-color: rgb(255, 255, 255); border: 0px; font-size: 12px; outline: 0px; vertical-align: baseline; margin: 0px; padding: 0px; line-height: 18px; color: rgb(0, 0, 0); font-family: Arial, Helvetica, sans-serif; font-style: normal; font-variant: normal; font-weight: normal; letter-spacing: normal; orphans: auto; text-indent: 0px; text-transform: none; white-space: normal; widows: auto; word-spacing: 0px; -webkit-text-stroke-width: 0px; text-align: center; background-position: initial initial; background-repeat: initial initial;">\r\n	&nbsp;<img class="img-editor" src="http://www.vinalineslogistics.com.vn/FileUpload/Images/140313_083735vantaiduongsat9.jpg" style="background-color: transparent; border: 0px solid; font-size: 12px; outline: 0px; vertical-align: baseline; margin: 0px; padding: 0px; width: 500px; height: 400px; background-position: initial initial; background-repeat: initial initial;" /><br />\r\n	<br />\r\n	<img class="img-editor" src="http://www.vinalineslogistics.com.vn/FileUpload/Images/140313_083810vantaiduongsat1.jpg" style="background-color: transparent; border: 0px solid; font-size: 12px; outline: 0px; vertical-align: baseline; margin: 0px; padding: 0px; width: 500px; height: 400px; background-position: initial initial; background-repeat: initial initial;" /><br />\r\n	<br />\r\n	<img class="img-editor" src="http://www.vinalineslogistics.com.vn/FileUpload/Images/140313_083838vantaiduongsat8.jpg" style="background-color: transparent; border: 0px solid; font-size: 12px; outline: 0px; vertical-align: baseline; margin: 0px; padding: 0px; width: 500px; height: 400px; background-position: initial initial; background-repeat: initial initial;" /><br />\r\n	<br />\r\n	<img class="img-editor" src="http://www.vinalineslogistics.com.vn/FileUpload/Images/140313_083920vantaiduongsat4.jpg" style="background-color: transparent; border: 0px solid; font-size: 12px; outline: 0px; vertical-align: baseline; margin: 0px; padding: 0px; width: 500px; height: 400px; background-position: initial initial; background-repeat: initial initial;" /></p>\r\n<p style="background-color: rgb(255, 255, 255); border: 0px; font-size: 12px; outline: 0px; vertical-align: baseline; margin: 0px; padding: 0px; line-height: 18px; color: rgb(0, 0, 0); font-family: Arial, Helvetica, sans-serif; font-style: normal; font-variant: normal; font-weight: normal; letter-spacing: normal; orphans: auto; text-align: justify; text-indent: 0px; text-transform: none; white-space: normal; widows: auto; word-spacing: 0px; -webkit-text-stroke-width: 0px; background-position: initial initial; background-repeat: initial initial;">\r\n	Từ thời điểm n&agrave;y, c&ocirc;ng ty sẽ triển khai mạnh mẽ c&aacute;c dịch vụ li&ecirc;n quan đến vận chuyển h&agrave;ng h&oacute;a đường sắt từ L&agrave;o Cai đi c&aacute;c ga trong nước v&agrave; quốc tế.</p>\r\n<p style="background-color: rgb(255, 255, 255); border: 0px; font-size: 12px; outline: 0px; vertical-align: baseline; margin: 0px; padding: 0px; line-height: 18px; color: rgb(0, 0, 0); font-family: Arial, Helvetica, sans-serif; font-style: normal; font-variant: normal; font-weight: normal; letter-spacing: normal; orphans: auto; text-align: justify; text-indent: 0px; text-transform: none; white-space: normal; widows: auto; word-spacing: 0px; -webkit-text-stroke-width: 0px; background-position: initial initial; background-repeat: initial initial;">\r\n	+ Dịch vụ vận chuyển đường sắt L&agrave;o Cai &ndash; Hải Ph&ograve;ng</p>\r\n<p style="background-color: rgb(255, 255, 255); border: 0px; font-size: 12px; outline: 0px; vertical-align: baseline; margin: 0px; padding: 0px; line-height: 18px; color: rgb(0, 0, 0); font-family: Arial, Helvetica, sans-serif; font-style: normal; font-variant: normal; font-weight: normal; letter-spacing: normal; orphans: auto; text-align: justify; text-indent: 0px; text-transform: none; white-space: normal; widows: auto; word-spacing: 0px; -webkit-text-stroke-width: 0px; background-position: initial initial; background-repeat: initial initial;">\r\n	+ Dịch vụ vận chuyển đường sắt L&agrave;o Cai &ndash; Hồ Ch&iacute; Minh</p>\r\n<p style="background-color: rgb(255, 255, 255); border: 0px; font-size: 12px; outline: 0px; vertical-align: baseline; margin: 0px; padding: 0px; line-height: 18px; color: rgb(0, 0, 0); font-family: Arial, Helvetica, sans-serif; font-style: normal; font-variant: normal; font-weight: normal; letter-spacing: normal; orphans: auto; text-align: justify; text-indent: 0px; text-transform: none; white-space: normal; widows: auto; word-spacing: 0px; -webkit-text-stroke-width: 0px; background-position: initial initial; background-repeat: initial initial;">\r\n	+ Dịch vụ vận chuyển xếp dỡ đường sắt</p>\r\n<p style="background-color: rgb(255, 255, 255); border: 0px; font-size: 12px; outline: 0px; vertical-align: baseline; margin: 0px; padding: 0px; line-height: 18px; color: rgb(0, 0, 0); font-family: Arial, Helvetica, sans-serif; font-style: normal; font-variant: normal; font-weight: normal; letter-spacing: normal; orphans: auto; text-align: justify; text-indent: 0px; text-transform: none; white-space: normal; widows: auto; word-spacing: 0px; -webkit-text-stroke-width: 0px; background-position: initial initial; background-repeat: initial initial;">\r\n	+ Dịch vụ vận chuyển h&agrave;ng bồn chứa đường sắt</p>\r\n<p style="background-color: rgb(255, 255, 255); border: 0px; font-size: 12px; outline: 0px; vertical-align: baseline; margin: 0px; padding: 0px; line-height: 18px; color: rgb(0, 0, 0); font-family: Arial, Helvetica, sans-serif; font-style: normal; font-variant: normal; font-weight: normal; letter-spacing: normal; orphans: auto; text-align: justify; text-indent: 0px; text-transform: none; white-space: normal; widows: auto; word-spacing: 0px; -webkit-text-stroke-width: 0px; background-position: initial initial; background-repeat: initial initial;">\r\n	+ Dịch vụ kho vận v&agrave; dịch vụ hậu cần logistics</p>\r\n<p style="background-color: rgb(255, 255, 255); border: 0px; font-size: 12px; outline: 0px; vertical-align: baseline; margin: 0px; padding: 0px; line-height: 18px; color: rgb(0, 0, 0); font-family: Arial, Helvetica, sans-serif; font-style: normal; font-variant: normal; font-weight: normal; letter-spacing: normal; orphans: auto; text-align: justify; text-indent: 0px; text-transform: none; white-space: normal; widows: auto; word-spacing: 0px; -webkit-text-stroke-width: 0px; background-position: initial initial; background-repeat: initial initial;">\r\n	+ Dịch vụ hải quan</p>\r\n', 'Khai thông tuyến vận tải đường sắt, cung cấp dịch vụ đường sắt', 'Khai thông tuyến vận tải đường sắt, cung cấp dịch vụ đường sắt', 'Khai thông tuyến vận tải đường sắt, cung cấp dịch vụ đường sắt', 2, 1, 0, 1378742594);
INSERT INTO `article` VALUES (14, 'Dự án Cảng nội địa ICD Lào Cai', 'du-an-cang-noi-dia-icd-lao-cai', '../upload/images/271212_040006du_an_icd_lao_cai.jpg', 'Lào Cai là một tỉnh vùng cao biên giới, nằm chính giữa vùng Đông Bắc và vùng Tây Bắc của Việt Nam, cách Hà Nội 296km theo đường sắt và 345 km theo đường bộ', '<span style="color: rgb(0, 0, 0); font-family: Arial, Helvetica, sans-serif; font-size: 12px; font-style: normal; font-variant: normal; font-weight: normal; letter-spacing: normal; line-height: 18px; orphans: auto; text-align: justify; text-indent: 0px; text-transform: none; white-space: normal; widows: auto; word-spacing: 0px; -webkit-text-stroke-width: 0px; background-color: rgb(255, 255, 255); display: inline !important; float: none;">L&agrave;o Cai l&agrave; một tỉnh v&ugrave;ng cao bi&ecirc;n giới, nằm ch&iacute;nh giữa v&ugrave;ng Đ&ocirc;ng Bắc v&agrave; v&ugrave;ng T&acirc;y Bắc của Việt Nam, c&aacute;ch H&agrave; Nội 296km theo đường sắt v&agrave; 345 km theo đường bộ. L&agrave;o Cai c&oacute; vị tr&iacute; kinh tế, địa ch&iacute;nh trị v&agrave; vai tr&ograve; quan trọng tr&ecirc;n tuyến h&agrave;nh lang kinh tế C&ocirc;n Minh- L&agrave;o Cai - H&agrave; Nội - Hải Ph&ograve;ng, l&agrave; &ldquo;cửa ng&otilde;&rdquo;, &ldquo;cầu nối&rdquo; của Việt Nam, c&aacute;c nước ASEAN với thị trường V&acirc;n Nam v&agrave; miền T&acirc;y Nam Trung Quốc. Với vị tr&iacute; v&agrave; vai tr&ograve; quan trọng đ&oacute;, L&agrave;o Cai cần c&oacute; một Cảng nội địa c&oacute; qui m&ocirc; lớn, hiện đại để hỗ trợ, th&uacute;c đẩy vận chuyển h&agrave;ng h&oacute;a, phục vụ trực tiếp cho sự ph&aacute;t triển KTXH của tỉnh L&agrave;o Cai; thu h&uacute;t h&agrave;ng qu&aacute; cảnh từ V&acirc;n Nam Trung Quốc qua cửa khẩu cảng Hải Ph&ograve;ng, Quảng Ninh&hellip;</span>s<br style="color: rgb(0, 0, 0); font-family: Arial, Helvetica, sans-serif; font-size: 12px; font-style: normal; font-variant: normal; font-weight: normal; letter-spacing: normal; line-height: 18px; orphans: auto; text-align: justify; text-indent: 0px; text-transform: none; white-space: normal; widows: auto; word-spacing: 0px; -webkit-text-stroke-width: 0px; background-color: rgb(255, 255, 255);" />\r\n<br style="color: rgb(0, 0, 0); font-family: Arial, Helvetica, sans-serif; font-size: 12px; font-style: normal; font-variant: normal; font-weight: normal; letter-spacing: normal; line-height: 18px; orphans: auto; text-align: justify; text-indent: 0px; text-transform: none; white-space: normal; widows: auto; word-spacing: 0px; -webkit-text-stroke-width: 0px; background-color: rgb(255, 255, 255);" />\r\n<div style="background-color: rgb(255, 255, 255); border: 0px; font-size: 12px; outline: 0px; vertical-align: baseline; margin: 0px; padding: 0px; color: rgb(0, 0, 0); font-family: Arial, Helvetica, sans-serif; font-style: normal; font-variant: normal; font-weight: normal; letter-spacing: normal; line-height: 18px; orphans: auto; text-indent: 0px; text-transform: none; white-space: normal; widows: auto; word-spacing: 0px; -webkit-text-stroke-width: 0px; text-align: center; background-position: initial initial; background-repeat: initial initial;">\r\n	<img class="img-editor" src="http://www.vinalineslogistics.com.vn/FileUpload/Images/271212_040006lao_cai_1.jpg" style="background-color: transparent; border: 0px solid; font-size: 12px; outline: 0px; vertical-align: baseline; margin: 0px 0px 8px; padding: 0px; width: 600px; height: 452px; background-position: initial initial; background-repeat: initial initial;" /></div>\r\n<div style="background-color: rgb(255, 255, 255); border: 0px; font-size: 12px; outline: 0px; vertical-align: baseline; margin: 0px; padding: 0px; color: rgb(0, 0, 0); font-family: Arial, Helvetica, sans-serif; font-style: normal; font-variant: normal; font-weight: normal; letter-spacing: normal; line-height: 18px; orphans: auto; text-indent: 0px; text-transform: none; white-space: normal; widows: auto; word-spacing: 0px; -webkit-text-stroke-width: 0px; text-align: center; background-position: initial initial; background-repeat: initial initial;">\r\n	<i style="background-color: transparent; border: 0px; font-size: 12px; outline: 0px; vertical-align: baseline; margin: 0px; padding: 0px; background-position: initial initial; background-repeat: initial initial;">Ảnh: Vị tr&iacute; ICD L&agrave;o Cai</i></div>\r\n<br style="color: rgb(0, 0, 0); font-family: Arial, Helvetica, sans-serif; font-size: 12px; font-style: normal; font-variant: normal; font-weight: normal; letter-spacing: normal; line-height: 18px; orphans: auto; text-align: justify; text-indent: 0px; text-transform: none; white-space: normal; widows: auto; word-spacing: 0px; -webkit-text-stroke-width: 0px; background-color: rgb(255, 255, 255);" />\r\n<span style="color: rgb(0, 0, 0); font-family: Arial, Helvetica, sans-serif; font-size: 12px; font-style: normal; font-variant: normal; font-weight: normal; letter-spacing: normal; line-height: 18px; orphans: auto; text-align: justify; text-indent: 0px; text-transform: none; white-space: normal; widows: auto; word-spacing: 0px; -webkit-text-stroke-width: 0px; background-color: rgb(255, 255, 255); display: inline !important; float: none;">&nbsp;Nhận thức được tầm quan trọng của h&agrave;nh lang kinh tế C&ocirc;n Minh &ndash; L&agrave;o Cai - H&agrave; Nội - Hải Ph&ograve;ng - Quảng Ninh, Dự &aacute;n đầu tư x&acirc;y dựng Cảng nội địa ICD L&agrave;o Cai do C&ocirc;ng ty CP Vinalines Logistics Việt Nam l&agrave;m chủ đầu tư vừa được ch&iacute;nh thức khởi c&ocirc;ng tại cụm c&ocirc;ng nghiệp Đ&ocirc;ng Phố Mới, th&agrave;nh phố L&agrave;o Cai, tỉnh L&agrave;o Cai.</span><br style="color: rgb(0, 0, 0); font-family: Arial, Helvetica, sans-serif; font-size: 12px; font-style: normal; font-variant: normal; font-weight: normal; letter-spacing: normal; line-height: 18px; orphans: auto; text-align: justify; text-indent: 0px; text-transform: none; white-space: normal; widows: auto; word-spacing: 0px; -webkit-text-stroke-width: 0px; background-color: rgb(255, 255, 255);" />\r\n<br style="color: rgb(0, 0, 0); font-family: Arial, Helvetica, sans-serif; font-size: 12px; font-style: normal; font-variant: normal; font-weight: normal; letter-spacing: normal; line-height: 18px; orphans: auto; text-align: justify; text-indent: 0px; text-transform: none; white-space: normal; widows: auto; word-spacing: 0px; -webkit-text-stroke-width: 0px; background-color: rgb(255, 255, 255);" />\r\n<div style="background-color: rgb(255, 255, 255); border: 0px; font-size: 12px; outline: 0px; vertical-align: baseline; margin: 0px; padding: 0px; color: rgb(0, 0, 0); font-family: Arial, Helvetica, sans-serif; font-style: normal; font-variant: normal; font-weight: normal; letter-spacing: normal; line-height: 18px; orphans: auto; text-indent: 0px; text-transform: none; white-space: normal; widows: auto; word-spacing: 0px; -webkit-text-stroke-width: 0px; text-align: center; background-position: initial initial; background-repeat: initial initial;">\r\n	<i style="background-color: transparent; border: 0px; font-size: 12px; outline: 0px; vertical-align: baseline; margin: 0px; padding: 0px; background-position: initial initial; background-repeat: initial initial;"><img alt="" border="0" class="img-editor" src="http://www.vinalineslogistics.com.vn/FileUpload/Images/271212_040006du_an_icd_lao_cai.jpg" style="background-color: transparent; border: 0px; font-size: 12px; outline: 0px; vertical-align: baseline; margin: 0px; padding: 0px; background-position: initial initial; background-repeat: initial initial;" /><br />\r\n	Ảnh: ICD L&agrave;o Cai</i><br />\r\n	&nbsp;</div>\r\n<span style="color: rgb(0, 0, 0); font-family: Arial, Helvetica, sans-serif; font-size: 12px; font-style: normal; font-variant: normal; font-weight: normal; letter-spacing: normal; line-height: 18px; orphans: auto; text-align: justify; text-indent: 0px; text-transform: none; white-space: normal; widows: auto; word-spacing: 0px; -webkit-text-stroke-width: 0px; background-color: rgb(255, 255, 255); display: inline !important; float: none;">ICD L&agrave;o Cai sẽ sau khi ho&agrave;n th&agrave;nh sẽ l&agrave; một trung t&acirc;m ph&acirc;n phối h&agrave;ng h&oacute;a, cung cấp dịch vụ Logistics tổng hợp, dịch vụ vận tải, giao nhận; l&agrave; điểm th&ocirc;ng quan nội địa để xuất/nhập khẩu, nhận/gửi h&agrave;ng h&oacute;a bằng container; v&agrave; l&agrave; một đầu mối giao th&ocirc;ng vận tải h&agrave;ng h&oacute;a quan trọng trong hệ thống dịch vụ Logistics. Dự &aacute;n được thực hiện chia th&agrave;nh hai giai đoạn, trong đ&oacute; giai đoạn đầu c&oacute; tổng mức đầu tư l&agrave; 78 tỷ đồng tr&ecirc;n diện t&iacute;ch khoảng 4,7ha (l&ocirc; F9 v&agrave; F10).</span><br style="color: rgb(0, 0, 0); font-family: Arial, Helvetica, sans-serif; font-size: 12px; font-style: normal; font-variant: normal; font-weight: normal; letter-spacing: normal; line-height: 18px; orphans: auto; text-align: justify; text-indent: 0px; text-transform: none; white-space: normal; widows: auto; word-spacing: 0px; -webkit-text-stroke-width: 0px; background-color: rgb(255, 255, 255);" />\r\n<br style="color: rgb(0, 0, 0); font-family: Arial, Helvetica, sans-serif; font-size: 12px; font-style: normal; font-variant: normal; font-weight: normal; letter-spacing: normal; line-height: 18px; orphans: auto; text-align: justify; text-indent: 0px; text-transform: none; white-space: normal; widows: auto; word-spacing: 0px; -webkit-text-stroke-width: 0px; background-color: rgb(255, 255, 255);" />\r\n<span style="color: rgb(0, 0, 0); font-family: Arial, Helvetica, sans-serif; font-size: 12px; font-style: normal; font-variant: normal; font-weight: normal; letter-spacing: normal; line-height: 18px; orphans: auto; text-align: justify; text-indent: 0px; text-transform: none; white-space: normal; widows: auto; word-spacing: 0px; -webkit-text-stroke-width: 0px; background-color: rgb(255, 255, 255); display: inline !important; float: none;">C&ugrave;ng đ&oacute;, C&ocirc;ng ty CP Vinalines Logistics cũng đang tiếp tục ho&agrave;n tất c&aacute;c thủ tục cần thiết để kết nối đường sắt v&agrave;o b&atilde;i, đầu tư hệ thống toa chuy&ecirc;n d&ugrave;ng vận chuyển Container, tạo ra một chuỗi dịch vụ Logistics ho&agrave;n chỉnh. Đồng thời, C&ocirc;ng ty căn cứ v&agrave;o nhu cầu thực tế tập trung nghi&ecirc;n cứu đầu tư ph&aacute;t triển để giai đoạn sau ho&agrave;n thiện v&agrave; mở rộng c&aacute;c hạng mục c&ograve;n lại tại l&ocirc; F9&#39;, F11, F12, x&acirc;y dựng một trung t&acirc;m Logistics ho&agrave;n thiện với tổng diện t&iacute;ch dự kiến 13,5ha; c&oacute; khả năng th&ocirc;ng quan h&agrave;ng h&oacute;a, đạt c&ocirc;ng suất từ 130.000 đến 300.000 TEU/năm.</span><br style="color: rgb(0, 0, 0); font-family: Arial, Helvetica, sans-serif; font-size: 12px; font-style: normal; font-variant: normal; font-weight: normal; letter-spacing: normal; line-height: 18px; orphans: auto; text-align: justify; text-indent: 0px; text-transform: none; white-space: normal; widows: auto; word-spacing: 0px; -webkit-text-stroke-width: 0px; background-color: rgb(255, 255, 255);" />\r\n<div style="background-color: rgb(255, 255, 255); border: 0px; font-size: 12px; outline: 0px; vertical-align: baseline; margin: 0px; padding: 0px; color: rgb(0, 0, 0); font-family: Arial, Helvetica, sans-serif; font-style: normal; font-variant: normal; font-weight: normal; letter-spacing: normal; line-height: 18px; orphans: auto; text-indent: 0px; text-transform: none; white-space: normal; widows: auto; word-spacing: 0px; -webkit-text-stroke-width: 0px; text-align: center; background-position: initial initial; background-repeat: initial initial;">\r\n	&nbsp;</div>\r\n<div style="background-color: rgb(255, 255, 255); border: 0px; font-size: 12px; outline: 0px; vertical-align: baseline; margin: 0px; padding: 0px; color: rgb(0, 0, 0); font-family: Arial, Helvetica, sans-serif; font-style: normal; font-variant: normal; font-weight: normal; letter-spacing: normal; line-height: 18px; orphans: auto; text-indent: 0px; text-transform: none; white-space: normal; widows: auto; word-spacing: 0px; -webkit-text-stroke-width: 0px; text-align: center; background-position: initial initial; background-repeat: initial initial;">\r\n	<i style="background-color: transparent; border: 0px; font-size: 12px; outline: 0px; vertical-align: baseline; margin: 0px; padding: 0px; background-position: initial initial; background-repeat: initial initial;"><img alt="" border="0" class="img-editor" src="http://www.vinalineslogistics.com.vn/FileUpload/Images/271212_040006khu_van_phong.jpg" style="background-color: transparent; border: 0px; font-size: 12px; outline: 0px; vertical-align: baseline; margin: 0px; padding: 0px; background-position: initial initial; background-repeat: initial initial;" /><br />\r\n	Ảnh: mặt bằng qui hoạch ICD L&agrave;o Cai</i><br />\r\n	&nbsp;</div>\r\n<span style="color: rgb(0, 0, 0); font-family: Arial, Helvetica, sans-serif; font-size: 12px; font-style: normal; font-variant: normal; font-weight: normal; letter-spacing: normal; line-height: 18px; orphans: auto; text-align: justify; text-indent: 0px; text-transform: none; white-space: normal; widows: auto; word-spacing: 0px; -webkit-text-stroke-width: 0px; background-color: rgb(255, 255, 255); display: inline !important; float: none;">Việc khởi c&ocirc;ng Dự &aacute;n đầu tư x&acirc;y dựng Cảng nội địa ICD L&agrave;o Cai của C&ocirc;ng ty CP Vinalines Logistics Việt Nam l&agrave; hết sức cần thiết nhằm khai th&aacute;c tốt tiềm năng, lợi thế địa l&yacute; v&agrave; hạ tầng hiện c&oacute; để tập kết, lưu kho b&atilde;i, l&agrave; một điểm th&ocirc;ng quan h&agrave;ng h&oacute;a trong nội địa, nhận gửi h&agrave;ng bằng container, th&uacute;c đẩy ph&aacute;t triển vận tải đa phương thức, tạo gi&aacute; trị gia tăng lớn trong kinh doanh dịch vụ Logistics; hỗ trợ, n&acirc;ng cao hiệu quả khai th&aacute;c c&aacute;c cảng biển v&agrave; cảng nội địa hiện c&oacute; trong mạng lưới Logistics của TCT H&agrave;ng hải Việt Nam v&agrave; c&aacute;c đơn vị th&agrave;nh vi&ecirc;n.</span><br style="color: rgb(0, 0, 0); font-family: Arial, Helvetica, sans-serif; font-size: 12px; font-style: normal; font-variant: normal; font-weight: normal; letter-spacing: normal; line-height: 18px; orphans: auto; text-align: justify; text-indent: 0px; text-transform: none; white-space: normal; widows: auto; word-spacing: 0px; -webkit-text-stroke-width: 0px; background-color: rgb(255, 255, 255);" />\r\n<br style="color: rgb(0, 0, 0); font-family: Arial, Helvetica, sans-serif; font-size: 12px; font-style: normal; font-variant: normal; font-weight: normal; letter-spacing: normal; line-height: 18px; orphans: auto; text-align: justify; text-indent: 0px; text-transform: none; white-space: normal; widows: auto; word-spacing: 0px; -webkit-text-stroke-width: 0px; background-color: rgb(255, 255, 255);" />\r\n<span style="color: rgb(0, 0, 0); font-family: Arial, Helvetica, sans-serif; font-size: 12px; font-style: normal; font-variant: normal; font-weight: normal; letter-spacing: normal; line-height: 18px; orphans: auto; text-align: justify; text-indent: 0px; text-transform: none; white-space: normal; widows: auto; word-spacing: 0px; -webkit-text-stroke-width: 0px; background-color: rgb(255, 255, 255); display: inline !important; float: none;">Trong chiến lược ph&aacute;t triển của Tổng c&ocirc;ng ty H&agrave;ng Hải Việt Nam n&oacute;i chung, của C&ocirc;ng ty CP Vinalines Logistics Việt Nam n&oacute;i ri&ecirc;ng, hoạt động Logistics l&agrave; hoạt động trọng t&acirc;m, bao tr&ugrave;m. Theo đ&oacute;, C&ocirc;ng ty sẽ x&acirc;y dựng v&agrave; h&igrave;nh th&agrave;nh mạng lưới cung cấp dịch vụ logistics th&ocirc;ng qua việc th&agrave;nh lập c&aacute;c trung t&acirc;m Logistics tại c&aacute;c khu vực kinh tế trọng điểm, c&aacute;c khu c&ocirc;ng nghiệp, c&aacute;c cửa khẩu, c&aacute;c cảng biển tr&ecirc;n cả nước, từng bước ph&aacute;t triển v&agrave; mở rộng mạng lưới hoạt động ra khu vực v&agrave; thế giới.</span> ', 'Dự án Cảng nội địa ICD Lào Cai', 'Dự án Cảng nội địa ICD Lào Cai', 'Dự án Cảng nội địa ICD Lào Cai', 2, 1, 0, 1378818733);

-- --------------------------------------------------------

-- 
-- Table structure for table `blocks`
-- 

CREATE TABLE `blocks` (
  `block_id` int(11) NOT NULL auto_increment,
  `block_name` varchar(255) NOT NULL,
  `block_content` text NOT NULL,
  `update_time` int(11) NOT NULL,
  PRIMARY KEY  (`block_id`)
) ENGINE=MyISAM  DEFAULT CHARSET=utf8 AUTO_INCREMENT=3 ;

-- 
-- Dumping data for table `blocks`
-- 

INSERT INTO `blocks` VALUES (2, 'Footer', '<p style="text-align: center">\r\n	<span style="font-size: medium;"><strong><span style="font-family: Tahoma;">CỬA H&Agrave;NG HOA MAI</span></strong></span><br />\r\n	<span style="font-size: small;"><span style="font-family: Tahoma;">Địa chỉ: 134 B&atilde;i Sậy, Phường 4, Quận 6, TP Hồ Ch&iacute; Minh<br />\r\n	Điện thoại: 0129.364.3333</span></span> - Website: <a href="http://banvai.vn">www.banvai.vn</a></p>\r\n', 1378917521);

-- --------------------------------------------------------

-- 
-- Table structure for table `category`
-- 

CREATE TABLE `category` (
  `cate_id` int(11) NOT NULL auto_increment,
  `cate_name` varchar(255) NOT NULL,
  `cate_alias` varchar(255) NOT NULL,
  `parent_id` int(11) NOT NULL,
  `seo_title` varchar(255) NOT NULL,
  `seo_description` varchar(255) NOT NULL,
  `seo_keyword` varchar(255) NOT NULL,
  `update_time` int(11) NOT NULL,
  PRIMARY KEY  (`cate_id`)
) ENGINE=MyISAM  DEFAULT CHARSET=utf8 AUTO_INCREMENT=8 ;

-- 
-- Dumping data for table `category`
-- 

INSERT INTO `category` VALUES (1, 'Vải may balo', 'vai-may-balo', 0, 'Vải may balo', 'Vải may balo', 'Vải may balo', 1378917720);
INSERT INTO `category` VALUES (2, 'Giày', 'giay', 0, 'Giày', 'Giày', 'Giày', 1378854848);
INSERT INTO `category` VALUES (3, 'Nón bảo hiểm', 'non-bao-hiem', 0, 'Nón bảo hiểm', 'Nón bảo hiểm', 'Nón bảo hiểm', 1378854855);
INSERT INTO `category` VALUES (4, 'Vải jeans', 'vai-jeans', 1, 'Vải jeans', 'Vải jeans', 'Vải jeans', 1378854931);
INSERT INTO `category` VALUES (5, 'Giày nam', 'giay-nam', 2, 'Giày nam', 'Giày nam', 'Giày nam', 1378872007);
INSERT INTO `category` VALUES (6, 'Giày nữ', 'giay-nu', 2, 'Giày nữ', 'Giày nữ', 'Giày nữ', 1378872034);
INSERT INTO `category` VALUES (7, 'Vải kaki', 'vai-kaki', 1, 'Vải kaki', 'Vải kaki', 'Vải kaki', 1378872050);

-- --------------------------------------------------------

-- 
-- Table structure for table `menu`
-- 

CREATE TABLE `menu` (
  `menu_id` int(11) NOT NULL auto_increment,
  `menu` varchar(255) NOT NULL,
  `menu_alias` varchar(255) NOT NULL,
  `article_id` int(11) NOT NULL,
  `type` tinyint(4) NOT NULL,
  `update_time` int(11) NOT NULL,
  `seo_title` varchar(255) NOT NULL,
  `seo_description` varchar(255) NOT NULL,
  `seo_keyword` varchar(255) NOT NULL,
  PRIMARY KEY  (`menu_id`)
) ENGINE=MyISAM  DEFAULT CHARSET=utf8 AUTO_INCREMENT=17 ;

-- 
-- Dumping data for table `menu`
-- 

INSERT INTO `menu` VALUES (2, 'Giới thiệu', 'gioi-thieu', 1, 1, 1378853240, 'Giới thiệu', 'Giới thiệu', 'Giới thiệu');
INSERT INTO `menu` VALUES (3, 'Dịch vụ', 'dich-vu', 2, 1, 1378853295, 'Dịch vụ', 'Dịch vụ', 'Dịch vụ');
INSERT INTO `menu` VALUES (4, 'Khuyến mãi', 'khuyen-mai', 3, 1, 1378853277, 'Khuyến mãi', 'Khuyến mãi', 'Khuyến mãi');
INSERT INTO `menu` VALUES (5, 'Hỗ trợ - tư vấn', 'ho-tro-tu-van', 4, 1, 1378853290, 'Hỗ trợ - tư vấn', 'Hỗ trợ - tư vấn', 'Hỗ trợ - tư vấn');

-- --------------------------------------------------------

-- 
-- Table structure for table `product`
-- 

CREATE TABLE `product` (
  `product_id` int(11) NOT NULL auto_increment,
  `product_name` varchar(255) NOT NULL,
  `product_alias` varchar(255) NOT NULL,
  `price` varchar(20) NOT NULL,
  `url_images` varchar(255) NOT NULL,
  `description` varchar(500) NOT NULL,
  `content` text NOT NULL,
  `seo_title` varchar(255) NOT NULL,
  `seo_description` varchar(255) NOT NULL,
  `seo_keyword` varchar(255) NOT NULL,
  `category_id` varchar(255) NOT NULL,
  `full_parent` int(11) NOT NULL,
  `status` tinyint(4) NOT NULL,
  `is_hot` tinyint(4) NOT NULL,
  `update_time` int(11) NOT NULL,
  PRIMARY KEY  (`product_id`)
) ENGINE=MyISAM  DEFAULT CHARSET=utf8 AUTO_INCREMENT=19 ;

-- 
-- Dumping data for table `product`
-- 

INSERT INTO `product` VALUES (1, 'Vai 1', 'vai-1', '0', '../upload/images/vai/1.jpg', 'asfdas', 'sdfasdf ', 'Vai 1', 'Vai 1', 'Vai 1', '4', 1, 1, 1, 1378914752);
INSERT INTO `product` VALUES (2, 'Vai 2', 'vai-2', '0', '../upload/images/vai/2.jpg', 'sad', 'sad', 'Vai 2', 'Vai 2', 'Vai 2', '4', 1, 1, 0, 1378914779);
INSERT INTO `product` VALUES (3, 'Vai 3', 'vai-3', '0', '../upload/images/vai/3.jpg', 'asdasd', 'asdfasas', 'Vai 3', 'Vai 3', 'Vai 3', '4', 1, 1, 1, 1378914804);
INSERT INTO `product` VALUES (4, 'Vai 4', 'vai-4', '0', '../upload/images/vai/4.jpg', 'asdasd', 'asdasd', 'Vai 4', 'Vai 4', 'Vai 4', '4', 1, 1, 1, 1378914828);
INSERT INTO `product` VALUES (5, 'Nón bảo hiểm 1', 'non-bao-hiem-1', '200000', '../upload/images/nonbh/big_107392_50_mu_bao_ho.jpg', 'sad', 'sad ', 'Nón bảo hiểm 1', 'Nón bảo hiểm 1', 'Nón bảo hiểm 1', '3', 3, 1, 0, 1378915519);
INSERT INTO `product` VALUES (6, 'Nón bảo hiểm 2', 'non-bao-hiem-2', '200000', '../upload/images/nonbh/kvi1353918627.jpg', 'ad', 'Sdc', 'Nón bảo hiểm 2', 'Nón bảo hiểm 2', 'Nón bảo hiểm 2', '3', 3, 1, 1, 1378915361);
INSERT INTO `product` VALUES (7, 'Nón bảo hiểm 3', 'non-bao-hiem-3', '200000', '../upload/images/nonbh/ukq1377566726.jpg', 'sd', 'asf ', 'Nón bảo hiểm 3', 'Nón bảo hiểm 3', 'Nón bảo hiểm 3', '3', 3, 1, 0, 1378915509);
INSERT INTO `product` VALUES (8, 'Nón bảo hiểm 4', 'non-bao-hiem-4', '200000', '../upload/images/nonbh/P11-NS11-4.jpg', 'sad', 'asf', 'Nón bảo hiểm 4', 'Nón bảo hiểm 4', 'Nón bảo hiểm 4', '3', 3, 1, 1, 1378915412);
INSERT INTO `product` VALUES (9, 'Giày nam 1', 'giay-nam-1', '200000', '../upload/images/giay/large_08_2012_de473d7b54ecae40148af778c03b3e1d.gif', 'asd', 'sad ', 'Giày nam 1', 'Giày nam 1', 'Giày nam 1', '5', 2, 1, 1, 1378915783);
INSERT INTO `product` VALUES (10, 'Giày nam 2', 'giay-nam-2', '200000', '../upload/images/giay/giay%20nam%203.jpg', 'asd', 'sadas', 'Giày nam 2', 'Giày nam 2', 'Giày nam 2', '5', 2, 1, 1, 1378915766);
INSERT INTO `product` VALUES (11, 'Giày nam 3', 'giay-nam-3', '200000', '../upload/images/giay/Giay-nam-lacoste-LC46-4.jpg', 'sadf', 'asdfas', 'Giày nam 3', 'Giày nam 3', 'Giày nam 3', '5', 2, 1, 1, 1378915881);
INSERT INTO `product` VALUES (12, 'Giày nam 4', 'giay-nam-4', '200000', '../upload/images/giay/giay-Doctor-DR1-11.jpg', 'asd', 'afasf', 'Giày nam 4', 'Giày nam 4', 'Giày nam 4', '5', 2, 1, 1, 1378915909);
INSERT INTO `product` VALUES (13, 'Giay nam 5', 'giay-nam-5', '200000', '../upload/images/giay/Giay-bally-l-nam-BA07-6.jpg', 'asdffdsg', 'gdfsgdsfg ', 'Giay nam 5', 'Giay nam 5', 'Giay nam 5', '5', 2, 1, 0, 1378915955);
INSERT INTO `product` VALUES (14, 'Giày nữ 01', 'giay-nu-01', '200000', '../upload/images/giay/images.jpg', 'cgh', 'dgshdf', 'Giày nữ 01', 'Giày nữ 01', 'Giày nữ 01', '6', 2, 1, 0, 1378916155);
INSERT INTO `product` VALUES (15, 'Giày nữ 02', 'giay-nu-02', '200000', '../upload/images/giay/large_06_2012_60e9f2ad310534e2f52098c83da4a990.gif', 'sadf', 'fsfa', 'Giày nữ 02', 'Giày nữ 02', 'Giày nữ 02', '6', 2, 1, 1, 1378916180);
INSERT INTO `product` VALUES (16, 'Giày nữ 03', 'giay-nu-03', '200000', '../upload/images/giay/Giay-M350-5695-2d.JPG', 'asf', 'fsfasfa', 'Giày nữ 03', 'Giày nữ 03', 'Giày nữ 03', '6', 2, 1, 1, 1378916206);
INSERT INTO `product` VALUES (17, 'Giày nữ 04', 'giay-nu-04', '200000', '../upload/images/giay/giay-nu-04.JPG', 'dsgs', 'dgsdgsdfsadfa', 'Giày nữ 04', 'Giày nữ 04', 'Giày nữ 04', '6', 2, 1, 1, 1378916241);
INSERT INTO `product` VALUES (18, 'Giày nữ 05', 'giay-nu-05', '200000', '../upload/images/giay/21.jpg', 'eggsdgdfs', 'sdfgs', 'Giày nữ 05', 'Giày nữ 05', 'Giày nữ 05', '6', 2, 1, 0, 1378916263);
